test	seconds
rendering::particle_lighting::a_non_luminous_particle_is_lit_by_the_scene	37.550
rendering::interior_cell_views::the_same_object_is_drawn_and_named_only_from_bearings_its_cell_sees_it_through	18.511
objects::player_body_setup::no_player_description_in_the_corpus_is_refused	17.560
presentation::headless_capture_determinism::the_headless_capture_is_byte_identical_across_three_runs	17.533
inventory::icon_composite::the_effects_ring_and_the_icon_overlay_reach_the_pixels_inside_the_grid_and_nowhere_else	16.736
objects::appearance_objdesc::no_objdesc_in_the_corpus_fails_to_apply	16.360
presentation::long_session_growth::nine_landblock_round_trips_return_every_container_to_baseline	15.133
rendering::clipped_outdoor_pass::the_depth_stamp_is_drawn_and_only_inside_the_openings	13.732
objects::player_body_setup::every_captures_body_is_built_from_the_setup_the_server_named	12.189
rendering::adaptive_degrade::a_live_governor_draws_less_detail_under_load_than_a_pinned_one	10.865
rendering::particles::a_frame_with_the_emitters_running_differs_from_the_same_frame_without	10.623
rendering::interior_cell_views::the_indoor_stamps_are_clipped_to_their_own_cells_views	10.468
world::coarse_block_objects::the_correction_changes_no_pixel_at_any_reachable_station	10.441
rendering::foliage_occlusion::the_plants_leaves_hide_a_creature_standing_behind_them	8.858
selection::indoor_portal_clip::a_creature_the_unclipped_frame_draws_is_named	8.771
presentation::long_session_growth::thirty_asymmetric_expiry_cycles_return_every_container_to_baseline	8.495
objects::player_body_setup::the_non_aluvian_players_are_dressed_rather_than_left_in_the_loincloth	8.294
presentation::long_session_growth::thirty_interior_departure_cull_and_return_cycles_return_every_container_to_baseline	8.258
ui::panel_pixel_residuals::the_open_container_frame_draws_its_own_pixels	8.003
ui::panel_pixel_residuals::installing_a_cooldown_repaints_only_the_wedge_on_that_items_slot	7.945
rendering::adaptive_degrade::the_extra_culling_appears_under_load_and_goes_away_on_recovery	7.789
rendering::highres_texture_policy::the_station_bakes_the_original_art_and_its_region_means_do_not_move	7.506
objects::leave_return_churn::leaving_and_returning_to_the_npc_landblock_leaves_one_body_per_npc	7.379
selection::indoor_portal_clip::facing_a_window_only_what_is_inside_its_cone_is_drawn_and_named	7.308
login::logout_departure::a_player_killer_stays_in_the_world_until_the_native_twenty_three_second_fade_deadline	6.940
world::streaming_slot_release::terrain_surfaces::a_block_re_meshed_in_place_returns_the_terrain_surfaces_its_previous_mesh_held	6.890
rendering::landscape_draw_distance::an_object_behind_a_ridge_beyond_the_window_draws_through_it	6.888
rendering::interiors_through_outdoor_portals::an_interior_appears_through_the_window_and_nowhere_else	6.883
world::dungeon_landblock_window::teleport_into_a_dungeon::the_academy_rooms_still_draw_when_the_scene_starts_on_their_block	6.866
world::dungeon_landblock_window::the_academy_rooms_draw_and_the_window_stays_on_their_own_block	6.864
selection::indoor_portal_clip::a_creature_the_frame_draws_through_an_opening_is_named	6.386
rendering::clipped_outdoor_pass::the_alpha_flush_runs_before_the_building_and_changes_nothing_it_should_not	6.210
selection::auto_target::defender_notification::only_melee_and_missile_auto_target	6.101
rendering::solid_colour_textures::a_session_reaches_a_small_fraction_of_the_ceiling_and_stops_growing	6.100
world::landblock_recentre::the_crossing_frame_and_the_next_frame_are_the_same_picture	6.056
rendering::terrain_compositor_parity::the_device_compositor_matches_the_cpu_compositor_bit_for_bit	6.035
panels::house_purchase_window::the_buy_button_waits_for_the_whole_price_and_the_rent_button_does_not	5.942
inventory::backpack_grid_tiles::the_background_tile_reaches_the_pixels_inside_the_grid_and_nowhere_else	5.861
selection::indoor_portal_clip::facing_a_wall_no_outdoor_object_is_drawn_or_named	5.807
presentation::world_clock_sync::successive_syncs_roll_the_day_and_then_the_year	5.791
presentation::long_session_mesh_eviction::every_recording_in_the_corpus_replays_to_its_last_datagram	5.774
rendering::interior_cell_views::a_cell_reached_through_a_doorway_has_a_view_smaller_than_the_screen	5.722
objects::leave_return_churn::ten_asymmetric_expiry_cycles_keep_one_drawn_body_and_its_wand	5.699
rendering::object_part_submission::deferring_the_transparent_subsets_is_visible_and_the_control_arm_queues_nothing	5.667
rendering::building_boundary_draw::an_object_inside_the_room_is_not_drawn_when_its_cell_is_the_outdoor_one	5.621
world::interiors::a_body_inside_a_holtburg_building_is_stopped_by_its_walls	5.544
movement::remote_stick_to_object::every_recorded_remote_stick_reaches_the_position_manager	5.541
rendering::building_boundary_draw::the_buildings_wall_occludes_an_object_inside_it_from_outdoors	5.529
rendering::object_part_submission::sorting_the_parts_leaves_the_scene_recognisable_and_the_control_arm_is_the_old_build	5.529
inventory::backpack_panel_paper_doll::dressing_the_doll_changes_the_pixels_inside_the_viewport	5.522
presentation::long_session_mesh_eviction::replaying_the_same_session_twice_on_one_device_does_not_double_the_peak	5.521
inventory::world_drop_draw::an_item_dropped_out_of_the_pack_is_drawn_in_the_world	5.432
rendering::part_degrade_levels::the_frame_changes_and_the_differ_is_calibrated_in_both_directions	5.215
inventory::backpack_panel_paper_doll::the_paper_doll_draws_inside_its_viewport_and_nowhere_else	5.192
rendering::adaptive_degrade::the_bias_the_loop_reaches_sets_the_whole_degrade_level	5.164
rendering::clipped_outdoor_pass::the_interior_is_still_drawn_with_the_clip_and_the_stamp_on	5.133
selection::indoor_portal_clip::without_the_clip_every_bearing_runs_the_outdoor_pass_and_the_wall_hover_names_the_chest	5.101
presentation::frame_independence::a_frame_that_did_not_tick_draws_exactly_what_the_frame_before_it_drew	5.095
presentation::world_clock_sync::a_stale_sync_is_rejected_and_the_date_does_not_go_backwards	5.086
rendering::billboards::a_billboarding_part_turns_and_the_control_arm_does_not	5.056
panels::examine_portrait::taking_the_model_out_of_the_space_collapses_the_difference	5.022
selection::indoor_pick_outdoor_objects::an_outdoor_object_the_open_interior_frame_did_draw_is_still_selectable	4.980
world::portal_space_chat_line::a_portal_says_in_portal_space_on_entry_and_at_every_re_aim_and_the_line_reaches_the_spew_box	4.974
world::landblock_interior_release::the_round_trip_changes_the_frame_at_home_by_the_same_pixels_in_both_arms	4.893
presentation::world_clock_sync::a_timesync_value_captured_from_the_owners_own_shard_renders_its_real_date	4.877
world::viewpoint_sweep_lag::the_one_frame_lag_is_bounded_by_one_frame_of_camera_travel_at_every_station	4.839
rendering::adaptive_degrade::the_headless_path_is_reproducible_with_the_loop_live	4.762
rendering::adaptive_degrade::detail_falls_back_under_load_and_recovers_when_frames_get_cheap	4.734
world::dungeon_landblock_window::teleport_into_a_dungeon::a_teleport_into_a_dungeon_brings_the_window_with_it	4.709
selection::viewport_click_passthrough::the_panel_gutters_hand_the_pointer_to_sbox_exactly_as_retail_does	4.534
panels::gameplay_hud::exactly_one_stance_icon_is_shown_and_it_is_the_players_own	4.477
panels::gameplay_hud::the_link_lamp_is_present_and_is_the_only_thing_its_state_changes	4.420
rendering::object_viewcone_cull::the_cull_changes_no_pixel_at_any_station	4.309
world::landblock_round_trip::a_round_trip_moves_no_pixel_and_the_landscape_re_bakes_bit_identically	4.270
panels::house_purchase_window::an_apartment_buy_pays_on_the_click_with_no_confirmation	4.256
rendering::hud_raster::the_vitals_vial_fills_in_proportion_to_the_recorded_value	4.144
world::portal_tunnel_view::the_collapsing_view_distance_reaches_the_projection_and_leaves_the_opaque_hud_alone	4.131
selection::auto_target::defender_notification::the_window_is_measured_from_the_stamp_the_notification_wrote	4.128
rendering::object_viewcone_cull::the_control_is_the_noise_floor	4.112
inventory::backpack_grid_tiles::opening_a_side_pack_resizes_the_grid_to_that_packs_capacity_and_takes_every_tile_down	4.068
panels::quickbar::a_shortcuts_own_icon_changes_pixels_and_only_inside_its_own_tile	4.056
panels::examine_portrait::the_control_is_the_noise_floor	4.044
world::streaming_slot_release::a_window_that_scrolls_away_from_its_blocks_and_back_holds_the_same_slots	4.039
panels::examine_portrait::appraising_a_creature_paints_its_model_into_the_identify_panel	4.037
world::landblock_interior_release::a_walk_that_leaves_a_region_and_returns_ends_where_it_started	4.023
panels::house_purchase_window::the_physical_buy_and_proxy_rent_buttons_ask_before_they_pay	3.954
rendering::part_translucency::the_ramp_reaches_the_raster_at_one_minus_t	3.907
world::landblock_round_trip::a_multi_block_shift_keeps_the_cameras_bits_because_it_is_re_derived_not_shifted	3.843
rendering::static_degrade_levels::the_paired_frame_changes_only_where_the_degraded_geometry_was	3.833
objects::leave_return_churn::an_interior_cell_departure_still_lets_the_return_draw	3.775
rendering::part_degrade_levels::baking_the_level_once_draws_the_same_parts_at_every_height	3.773
chat::chat_log_scrolling::the_four_gestures_in_rendered_pixels	3.753
rendering::adaptive_degrade::the_default_scene_is_pinned_and_no_frame_time_series_can_move_it	3.735
world::streaming_slot_release::terrain_surfaces::a_window_that_scrolls_away_from_its_blocks_and_back_holds_the_same_device_slots	3.699
inventory::burden_meter_pixels::changing_only_the_burden_repaints_only_the_burden_widgets	3.691
rendering::lighting::the_holtburg_starter_cell_has_the_complete_indoor_lighting_chain	3.659
selection::auto_target::defender_notification::the_stamp_is_unconditional_even_when_the_gate_below_it_refuses	3.635
movement::player_animation_stability::the_drawn_bodys_own_travel_is_monotone_and_the_screen_sawtooth_is_the_gate	3.602
panels::character_panels::the_filled_skills_page_changes_pixels_and_only_inside_the_list_boxs_box	3.585
selection::indoor_portal_clip::turning_to_face_a_wall_takes_the_outside_view_count_to_zero	3.563
rendering::object_part_submission::the_control_arm_is_server_id_order_and_the_sort_removes_every_inversion	3.467
rendering::surface_translucency::the_pair_differs_only_where_a_translucent_surface_is_drawn	3.437
world::viewer_cell::cell_source::the_viewers_cell_is_its_own_position_read_through_the_container_rule	3.432
rendering::detail_textures::with_the_preference_off_the_frame_is_byte_identical	3.423
panels::inventory_and_tabs::the_filled_backpack_changes_pixels_and_only_inside_the_item_grids_box	3.416
objects::corpse_decay::leaving_the_window_past_the_deadline_culls_the_corpse_and_the_return_is_clean	3.410
world::scripted_static_collision_body::the_sound_table_hooks_ceiling_is_the_four_setups_that_name_a_table	3.406
panels::quickbar::the_nine_tiles_change_pixels_and_only_inside_the_nine_slots_boxes	3.373
combat::projectile_impact::player_pair_collision_uses_the_pwd_pk_and_impenetrable_qualities	3.360
panels::character_panels::the_filled_spellbook_changes_pixels_and_only_inside_the_spell_lists_box	3.356
world::dungeon_landblock_window::a_dungeons_layout_space_is_authored_outside_its_block	3.354
rendering::object_draw_distance::terrain_occludes_a_distant_object_the_client_still_submits	3.342
objects::corpse_decay::a_return_inside_the_deadline_rescues_a_corpse_the_server_may_already_have_destroyed	3.341
objects::death_teleport_effects::an_ordinary_hide_in_a_loaded_cell_still_shows_the_shimmer	3.340
selection::viewport_click_passthrough::a_press_in_the_open_view_selects_the_object_behind_it	3.336
rendering::indoor_outdoor_gate::a_sealed_dungeon_room_sees_no_outdoors_and_a_house_with_windows_does	3.311
inventory::backpack_grid_tiles::every_filled_cell_carries_its_item_types_tile_and_every_empty_cell_carries_none	3.259
chat::chat_log_scrolling::the_thumb_travels_the_track_as_the_log_is_walked	3.257
camera::chase_camera_target::every_gate_that_refuses_releases_the_camera	3.251
world::streaming_slot_release::a_block_that_scrolls_out_of_the_scenery_radius_returns_its_links_in_place	3.233
rendering::villa_door_visibility::a_continuous_villa_crossing_does_not_reuse_preclear_building_cells_after_depth_clear	3.203
objects::death_teleport_effects::the_death_teleport_takes_the_victims_shimmer_off_the_survivors_screen	3.184
selection::selection_blink::a_clicked_world_object_blinks_bright_dim_bright_dim_and_is_restored	3.175
presentation::long_session_mesh_eviction::the_working_set_over_a_whole_session_is_measured_on_a_heap_that_cannot_be_the_limit	3.173
chat::chat_log_scrolling::the_new_text_below_indicator_follows_is_at_vertical_end	3.172
world::scripted_static_collision_body::the_shipped_scale_hooks_on_statics_name_their_setups_and_their_landblocks	3.170
rendering::landscape_draw_distance::the_recorded_frame_loses_the_far_terrain_to_the_window	3.167
presentation::world_clock_sync::one_time_sync_datagram_puts_the_map_s_date_on_the_shard_s_clock	3.160
rendering::clipped_outdoor_pass::an_opening_that_leaves_the_viewport_is_clipped_away_entirely	3.149
rendering::part_translucency::the_camera_fade_moves_the_body_and_only_the_body	3.143
panels::gameplay_hud::the_chat_window_shows_what_the_recorded_server_said	3.141
objects::corpse_decay::the_ghost_band_is_the_gap_between_aces_pvs_and_the_clients_landblock_window	3.112
chat::chat_log_scrolling::a_click_on_the_track_pages_the_log	3.091
login::logout_departure::answering_no_leaves_the_player_in_the_world_for_ever	3.082
rendering::interiors_through_outdoor_portals::nothing_changes_when_no_opening_is_on_the_screen	3.063
selection::open_door_pick::in_the_doorway::an_open_door_stops_swallowing_the_pick_and_a_closed_one_resumes_it	3.034
inventory::backpack_grid_tiles::the_corpus_draws_more_than_one_tile	2.991
chat::chat_log_scrolling::the_log_follows_the_shards_own_welcome_burst	2.966
rendering::clipped_outdoor_pass::the_screen_space_clip_changes_only_the_pixels_the_stub_was_costing	2.955
inventory::backpack_grid_tiles::the_grid_runs_to_the_containers_own_capacity_and_not_to_the_last_item	2.946
chat::chat_log_scrolling::the_maximize_button_grows_the_window_and_keeps_the_log_at_its_end	2.938
rendering::billboards::the_frame_changes_and_the_differ_is_calibrated_in_both_directions	2.931
inventory::backpack_panel_paper_doll::the_doll_is_not_built_or_drawn_while_the_backpack_is_closed	2.921
presentation::long_session_mesh_eviction::the_appearance_cache_still_shares	2.917
world::portal_tunnel_view::the_tunnel_takes_the_world_off_the_screen_and_leaves_the_opaque_hud_alone	2.912
rendering::play_script_messages::the_wire_triggered_effect_reaches_the_screen	2.886
presentation::long_session_mesh_eviction::a_full_long_solo_play_replay_completes_and_its_peak_occupancy_is_bounded	2.858
panels::house_purchase_window::a_house_profile_closes_after_real_movement_beyond_nine_units_and_reopens	2.850
inventory::backpack_panel_paper_doll::post_init_hides_the_nine_armour_grids_and_leaves_the_doll_up	2.838
rendering::hud_raster::the_hud_rasterises_over_the_world_and_only_where_it_said_it_would	2.812
panels::book_authoring::an_unowned_book_closes_after_real_movement_beyond_its_use_radius	2.798
selection::auto_target::selection_change::each_gate_above_the_tail_jump_can_refuse_on_its_own	2.782
panels::radar_coordinates::walking_across_a_land_cell_boundary_moves_the_radar_read_out	2.775
login::logout_departure::the_departure_plays_for_six_seconds_before_the_screen_changes	2.772
rendering::play_script_messages::the_played_effect_reaches_the_screen	2.760
inventory::backpack_panel_paper_doll::the_live_space_carries_the_camera_the_light_and_the_heading	2.743
rendering::lighting::an_outdoor_station_is_lit_by_the_sun_and_darker_at_night	2.723
selection::object_hover_tooltip::hovering_a_chest_names_it_and_moving_off_takes_the_name_away	2.698
presentation::headless_capture_determinism::the_first_pixel_quad_is_still_reachable_and_still_byte_identical	2.689
inventory::backpack_panel_paper_doll::opening_a_side_pack_retitles_the_grid_with_that_containers_name	2.686
rendering::degrade_marker_parts::the_library_draws_no_red_primitive	2.684
rendering::lighting::a_torch_lit_wall_falls_off_with_distance_as_calc_point_light_says	2.684
presentation::long_session_mesh_eviction::long_solo_play_fits_the_old_four_thousand_ninety_six_descriptor_budget	2.660
rendering::particles::every_live_emitter_resolves_to_a_mesh	2.648
inventory::backpack_panel_paper_doll::the_panel_shows_the_title_and_the_heading_the_capture_names	2.624
rendering::building_boundary_draw::the_recorded_outdoor_pose_confines_static_interiors_to_building_openings	2.620
selection::target_brackets::rebuilt_gameplay_at_a_different_display_extent_reprojects_real_dat_corners	2.618
objects::corpse_decay::an_observer_the_server_stopped_talking_to_keeps_the_decayed_corpse	2.607
rendering::villa_door_visibility::the_villa_interior_door_is_visible_at_the_recorded_pose	2.604
selection::target_brackets::selected_target_tracks_world_fade_projection_and_hides_during_the_tunnel	2.551
rendering::adaptive_degrade::a_frame_rate_in_the_rest_band_leaves_the_bias_alone	2.550
panels::house_purchase_window::whole_pyreal_writ_and_trade_note_drops_stick_in_the_buy_window	2.535
panels::book_authoring::an_owned_book_never_arms_the_range_handler_or_closes_on_movement	2.529
rendering::building_boundary_draw::the_closed_holtburg_door_naturally_crosses_the_outdoor_indoor_boundary	2.515
panels::house_purchase_window::a_partial_stack_is_split_then_the_authoritative_result_can_be_paid	2.507
rendering::villa_door_visibility::the_villa_courtyard_door_is_visible_at_the_recorded_pose	2.493
panels::inscription_placeholder::locked_inscription_background_explains_why_the_item_cannot_be_edited	2.477
selection::auto_target::the_set_combat_mode_tail_runs_auto_target_and_every_gate_above_it_can_refuse	2.475
audio::ui_and_script_sounds::a_physics_scripts_sound_hook_reaches_the_mixer	2.443
selection::indoor_pick_outdoor_objects::an_outdoor_object_a_sealed_interior_frame_never_drew_is_not_selectable	2.374
selection::selection_blink::selecting_yourself_blinks_the_whole_doll	2.373
selection::auto_target::defender_notification::the_bench_can_produce_both_answers_and_starts_unstamped	2.373
selection::auto_target::defender_notification::the_auto_target_option_gates_the_arm	2.356
login::booted_and_banned::each_condition_shows_its_own_sentence_and_not_another_conditions	2.355
selection::viewport_click_passthrough::the_game_viewport_is_the_whole_window_because_no_element_arms_the_clamp_edge	2.354
panels::barber::penumbraen_female_crown_and_no_crown_take_their_exact_apply_paths	2.339
objects::corpse_decay::the_recorded_decay_pair_retires_a_corpse_the_observer_can_still_see	2.336
audio::world_audio::the_ambient_slider_is_quadratic_through_the_clients_own_path	2.332
movement::remote_motion_style::the_interpreted_arm_still_carries_every_stance_the_corpus_holds	2.326
panels::attribute_raise_ten_button::a_runtime_available_experience_update_relights_the_plus_ten	2.289
rendering::part_translucency::a_part_with_has_alpha_clear_is_byte_identical_to_the_previous_build	2.285
camera::camera_pitch::the_drawn_door_silhouette_converges_at_retail_s_sixteen_degrees	2.278
selection::selection_blink::a_worn_item_clicked_on_the_doll_blinks_its_region_bright_then_dim	2.272
world::house_barrier::the_owner_a_guest_and_an_open_house_are_all_let_through	2.269
inventory::backpack_panel_paper_doll::the_slots_checkbox_swaps_the_doll_for_the_armour_grids_and_back	2.269
rendering::preview_level_zero::the_paper_doll_bakes_gfxobj_zero_for_every_part	2.249
rendering::indoor_depth_clear::an_outdoor_viewer_is_untouched	2.248
rendering::indoor_depth_clear::the_ground_over_the_stairwell_is_the_outdoor_passs_depth	2.246
panels::house_purchase_window::paying_sends_buy_house_with_the_items_in_the_windows_own_order	2.232
selection::hover_tooltip_occlusion::a_placed_door_in_a_non_visible_building_cell_is_not_submitted_after_the_shell	2.231
camera::camera_preferences::the_profile_s_camera_preferences_reach_the_camera_manager	2.219
movement::remote_motion_style::every_recorded_remote_arm_repeats_the_stance_in_force_and_is_inert	2.206
panels::barber::undead_female_zombie_flame_and_no_flame_take_their_exact_apply_paths	2.190
rendering::render_preferences::the_environment_texture_detail_reuploads_object_textures_on_the_next_frame	2.183
panels::barber::empyrean_option_changes_the_local_motion_table_before_exact_finish	2.181
rendering::objects_through_doorways::an_object_outside_the_doorway_survives_the_portal_depth_stamp	2.178
panels::attribute_raise_ten_button::the_plus_ten_in_state_1_draws_differently_from_state_0xd	2.174
magic::enchantment_receivers::a_cooldown_id_takes_the_early_return_with_no_line	2.173
rendering::indoor_depth_clear::the_openings_are_stamped_back_into_the_cleared_depth	2.161
presentation::shell::a_ui_element_rasterises_over_the_world_and_only_where_it_said_it_would	2.158
movement::remote_motion_style::the_creatures_pose_follows_the_style_word	2.154
panels::book_authoring::a_withheld_page_is_requested_and_the_authoritative_reply_is_displayed_read_only	2.150
rendering::render_and_day_commands::typed_render_preserves_the_native_parser_and_reaches_projection_and_landscape_ring	2.149
panels::attribute_raise_ten_button::the_strength_plus_ten_lights_with_enough_experience_and_a_real_press_sends_the_ten_point_raise	2.147
camera::camera_collision::a_frame_from_inside_a_holtburg_room_is_of_the_room	2.145
magic::enchantment_receivers::the_single_removal_prints_the_expiry_line_and_the_single_dispel_does_not	2.127
panels::inscription_placeholder::the_three_psr_qualities_unlock_only_a_live_inscribable_object	2.111
selection::hover_tooltip_occlusion::an_object_behind_an_interior_wall_never_names_itself	2.109
selection::selection_cycle_actions::exclude_own_wielded_is_inert_at_the_one_pairing_that_ships_it	2.104
net::late_receivers::a_portal_storm_lights_the_lamp_and_the_four_notices_differ_as_retail_does	2.092
rendering::billboards::the_cost_is_reassembly_and_not_memory	2.084
audio::server_sound_event::the_messages_volume_overrides_the_rows	2.083
world::coarse_block_objects::a_coarse_block_bakes_no_objects_of_any_kind	2.073
panels::barber::shadowbound_no_crown_runs_the_local_effect_then_sends_the_exact_finish	2.072
movement::remote_motion_style::the_style_word_on_a_remote_arm_changes_the_creatures_stance	2.067
selection::self_target_indicator::selecting_yourself_takes_the_vivid_target_indicator_down_as_retail_does	2.065
panels::book_authoring::next_adds_a_page_and_the_reply_makes_it_a_real_editable_saved_page	2.053
rendering::texture_cache_key_spaces::a_clipmap_key_conflict_is_photographed_under_both_settings	2.037
rendering::part_degrade_levels::every_part_draws_the_level_get_degrade_names_at_three_distances	2.034
panels::house_purchase_window::a_pyreal_payment_row_can_be_dragged_out_and_replaced_with_a_trade_note	2.021
selection::hover_tooltip_occlusion::a_hover_during_a_drag_names_the_object_at_once_over_the_view_and_never_over_the_panel	2.016
objects::populated_world::a_movement_buffer_animates_the_object_it_names	2.015
combat::motion_style_charge_rate::the_local_bodys_motion_style_reaches_the_combat_system_and_changes_the_charge_time	2.001
panels::gameplay_hud::the_window_placement_blob_decodes_and_addresses_real_windows	1.996
combat::game_view_clicks::clicking_a_side_pack_is_the_writer_world_open_container_did_not_have	1.991
panels::barber::opened_barber_draws_native_colour_spots_empty_slots_and_gradient_modes	1.990
world::landblock_streaming::a_twenty_block_walk_releases_what_it_leaves_and_reuses_what_it_has_seen	1.988
magic::enchantment_receivers::a_count_prefixed_update_puts_every_entry_in_the_registry	1.980
panels::quickbar::a_shortcut_action_uses_the_object_in_its_slot_and_an_empty_slot_does_nothing	1.973
world::cell_statics::the_training_dungeons_braziers_run_their_default_scripts	1.972
panels::barber::shadow_no_crown_preview_survives_physical_hair_next	1.971
chat::channel_and_age_replies::a_query_age_response_prints_the_arm_its_target_name_selects	1.957
world::landblock_interior_release::a_re_entered_block_re_registers_and_holds_no_second_copy	1.957
selection::hover_tooltip_occlusion::a_hover_names_a_chest_with_no_prior_click	1.947
world::landblock_streaming::walking_back_over_seen_ground_re_merges_from_the_cache_and_not_from_scratch	1.945
movement::stance_change_stop_and_resume::the_scene_latches_lose_control_for_the_players_own_non_autonomous_buffers	1.935
panels::book_authoring::physical_next_deletes_an_owned_blank_page_and_follows_the_shifted_page	1.930
panels::barber::physical_palette_controls_send_the_selected_native_palettes_and_preserve_other_fields	1.923
objects::hidden_state::the_shimmer_is_still_there_when_the_unhide_never_arrives	1.922
combat::game_view_clicks::a_real_click_in_the_viewport_asks_the_world_view_to_find_an_object	1.919
objects::hidden_state::the_body_stays_hidden_while_the_server_still_says_hidden	1.908
rendering::render_preferences::the_profile_s_render_preferences_reach_the_projection_and_the_device	1.905
chat::channel_and_age_replies::an_empty_channel_reply_still_prints_its_header	1.905
world::landblock_streaming::after_a_scroll_every_slot_is_the_right_block_at_the_right_ring	1.905
rendering::render_and_day_commands::typed_framerate_toggles_the_shipped_localized_meter_without_a_request	1.905
panels::barber::ordered_start_opens_an_editable_preview_and_cancel_discards_it	1.904
panels::allegiance_info_replies::an_aborted_allegiance_update_clears_the_panels_busy_latch	1.896
world::landblock_interior_release::the_walls_of_a_released_block_no_longer_stop_a_body	1.894
world::landblock_streaming::a_walking_body_carries_the_window_with_it	1.894
panels::barber::both_special_heritages_accept_either_incoming_no_crown_setup_id	1.892
rendering::unseen_cell_particles::the_same_villas_visible_room_keeps_its_candelabra_particles	1.890
panels::house_purchase_window::a_house_profile_raises_the_purchase_window	1.890
objects::marker_parts::the_guard_takes_the_markers_off_creatures_and_leaves_the_local_player_alone	1.886
world::landblock_object_release::an_outdoor_parent_returning_with_its_block_rescues_its_held_child_from_the_old_deadline	1.880
panels::quickbar::the_nine_bank_one_tiles_carry_nine_distinct_empty_state_numerals	1.878
selection::auto_target::auto_target_reselects_a_last_attacker_inside_fifteen_seconds_and_not_at_fifteen	1.877
net::late_receivers::the_three_dead_handlers_are_consumed_and_move_nothing	1.876
rendering::mip_deferral::a_landscape_baked_behind_the_mip_worker_matches_one_baked_in_place	1.874
panels::book_authoring::book_open_builds_real_page_menu_rows_and_physical_choices_turn_or_refuse	1.872
chat::channel_and_age_replies::the_two_channel_replies_print_their_lists_into_the_chat_log	1.871
selection::hover_tooltip_occlusion::an_object_under_an_opaque_panel_never_names_itself	1.869
panels::barber::physical_apply_sends_one_exact_finish_without_optimistic_player_mutation	1.869
panels::allegiance_info_replies::an_allegiance_info_response_prints_the_report_and_leaves_the_panel_alone	1.864
rendering::object_part_submission::every_part_is_submitted_farthest_first_on_the_clients_own_cypt	1.851
panels::house_purchase_window::an_item_the_player_is_not_carrying_is_refused_with_retails_own_sentence	1.846
panels::allegiance_info_replies::an_allegiance_info_response_for_a_stranger_prints_nothing	1.841
rendering::render_preferences::the_landscape_texture_detail_recomposites_the_terrain_on_the_next_frame	1.839
world::teleport_arrival_draw::a_server_teleport_into_a_dungeon_draws_what_logging_in_there_draws	1.837
panels::inscription_placeholder::a_signed_item_that_is_not_yours_relinquishes_and_still_sends_nothing	1.837
magic::enchantment_receivers::a_multiple_removal_announces_and_a_multiple_dispel_does_not	1.836
rendering::object_part_submission::every_subset_lands_where_add_mesh_to_alpha_list_would_put_it	1.832
panels::book_authoring::raw_ignore_author_two_keeps_the_author_label_but_still_allows_editing	1.832
panels::house_purchase_window::a_failed_transaction_re_queries_the_lord_and_only_with_a_profile	1.826
presentation::world_clock_sync::a_sync_shifts_the_absolute_time_by_a_constant_and_never_the_local_step	1.825
rendering::play_script_messages::a_wire_play_script_type_reaches_a_visible_emitter	1.823
panels::inventory_and_tabs::clicking_a_tab_swaps_the_page_and_closing_the_panel_takes_them_all_down	1.820
rendering::unseen_cell_particles::the_villa_courtyard_floor_does_not_show_unseen_basement_particles	1.817
ui::escape_and_action_arms::a_click_with_a_target_mode_up_arms_the_leave_flag_and_the_frame_tail_drops_the_mode	1.815
rendering::play_script_messages::an_intensity_past_the_tables_last_row_creates_nothing	1.815
login::chargen_preview_space::the_teleport_tunnel_draws_the_portal_object	1.809
movement::embodied_character::two_identically_stepped_scenes_render_the_same_frame	1.801
panels::gameplay_hud::the_vitals_show_what_the_recorded_server_sent	1.797
rendering::foliage_occlusion::the_clip_list_is_drawn_before_the_alpha_list	1.794
panels::gameplay_hud::the_huds_tolerances_are_counted_and_the_ones_that_must_be_zero_are	1.791
panels::book_authoring::book_menu_decorates_authors_with_accounts_for_an_authoritative_psr_viewer	1.790
inventory::corpse_loot_window::app_range_exit_closes_the_window_once_and_preserves_an_in_range_control	1.782
panels::examine_portrait::an_item_gets_no_portrait_because_its_init_is_the_base_one	1.781
panels::inventory_and_tabs::a_drop_on_an_item_list_becomes_a_container_move_and_ghosts_the_icon	1.781
panels::quickbar::an_occupied_slots_numeral_comes_from_the_plain_array_and_magic_mode_takes_the_ghosted_one	1.779
panels::book_page_replies::an_add_page_refusal_and_a_page_mismatch_both_refetch_instead_of_inserting	1.778
presentation::world_clock_sync::the_same_datagram_moves_the_day_night_cycle	1.778
panels::inventory_and_tabs::an_item_list_element_resolves_to_the_container_it_is_showing	1.778
inventory::targeted_use::app_journey::actual_world_hover_then_click_uses_recorded_key_not_mutable_selection	1.772
inventory::world_drop_give::the_click_path_and_the_drop_path_read_one_hit_test_and_agree_on_it	1.767
panels::house_purchase_window::the_window_is_the_fourth_env_panel_page_and_binds_ten_children	1.767
panels::book_page_replies::an_add_page_response_inserts_a_page_and_rebuilds_the_strip	1.765
inventory::world_drop_give::a_real_drag_released_over_the_viewport_arms_the_pick_and_does_not_latch	1.759
panels::inventory_and_tabs::the_backpack_holds_the_items_the_captures_own_0x0013_named	1.759
audio::world_audio::holtburgs_ambience_reaches_the_mixer_as_samples	1.757
combat::game_view_clicks::a_real_click_on_the_stance_icon_toggles_combat_mode_and_sends_it	1.755
rendering::part_degrade_levels::the_local_body_does_not_degrade_however_far_the_chase_camera_pulls_back	1.749
world::landblock_streaming::a_teleport_beyond_the_window_reloads_it_without_leaking_the_old_blocks	1.743
panels::quickbar::init_shortcut_array_builds_eighteen_slots_from_eighteen_per_slot_item_slot_roots	1.739
panels::book_authoring::failed_add_reply_requests_literal_book_data_without_an_optimistic_page	1.739
world::cell_statics::standing_in_the_training_dungeon_draws_its_furniture	1.734
presentation::world_clock_sync::a_sync_inside_the_nanosecond_dead_band_changes_no_offset	1.732
panels::inscription_placeholder::an_empty_world_press_keeps_the_inscription_focused_and_escape_commits_it	1.731
login::chargen_preview_space::the_portal_space_is_built_the_way_post_init_builds_it	1.725
rendering::object_part_submission::the_degrade_visibility_gate_is_already_wired	1.723
panels::quickbar::a_drop_anywhere_inside_a_shortcut_slot_resolves_to_that_slots_number	1.722
panels::inventory_and_tabs::clicking_a_side_pack_points_the_grid_at_it	1.718
panels::inventory_and_tabs::the_paper_doll_holds_the_equipment_the_capture_named	1.717
selection::auto_target::the_compass_item_stance_gate_admits_a_vendor_while_casting	1.716
selection::auto_target::auto_target_falls_back_to_the_closest_compass_item_in_every_stance	1.711
panels::inventory_and_tabs::a_tabbed_page_shows_exactly_one_of_its_sub_panels	1.710
panels::book_authoring::physical_next_from_an_owned_blank_page_refuses_without_closing_or_mutating_it	1.709
presentation::world_clock_sync::with_nothing_on_the_wire_the_clock_is_still_the_fixed_step_alone	1.706
panels::inscription_placeholder::a_thing_you_cannot_write_on_at_all_sends_nothing	1.704
objects::hidden_state::the_materialise_effect_still_ends_itself_with_no_message_at_all	1.703
combat::player_killer_status::live_pk_updates_recolor_the_selected_player_with_native_social_precedence	1.703
objects::appearance_objdesc::the_captures_objects_wear_what_the_server_sent	1.702
audio::server_sound_event::a_server_sound_event_reaches_the_mixer	1.701
movement::embodied_character::the_body_is_drawn_in_front_of_the_camera_and_carries_its_palette	1.700
panels::inscription_placeholder::the_invitation_leg_sends_the_literal_placeholder_for_an_item_that_is_not_yours	1.698
panels::character_panels::an_untrained_skill_the_data_gates_falls_into_the_fourth_group_on_screen	1.684
panels::barber::opened_ordinary_barber_has_localized_captions_on_all_five_physical_rows	1.682
rendering::play_script_messages::an_unknown_script_type_creates_nothing	1.678
world::viewer_cell::the_id_and_the_position_name_different_cells_on_a_plain_walk	1.676
rendering::play_script_messages::a_wire_message_past_the_tables_last_row_creates_nothing	1.672
panels::inventory_and_tabs::every_inventory_item_list_has_created_its_slot_elements	1.672
panels::house_purchase_window::the_tab_decides_which_drops_are_possible_at_all	1.670
chat::chat_log_scrolling::a_trailing_newline_is_trimmed_at_the_chat_log_and_the_log_still_follows	1.669
rendering::play_script_messages::a_wire_play_script_id_reaches_a_visible_emitter	1.667
selection::select_self::clicking_the_local_body_selects_the_player_and_beside_him_selects_nothing	1.662
world::landblock_streaming::crossing_a_block_boundary_recentres_the_window_and_the_render_space	1.660
panels::book_authoring::hiding_the_real_book_window_commits_the_current_owned_page	1.660
panels::inscription_placeholder::the_ordinary_commit_carries_the_typed_text_and_never_the_placeholder	1.653
panels::quickbar::every_shortcut_in_the_player_module_lands_in_its_own_slot_with_its_icon	1.650
presentation::world_clock_sync::with_no_time_sync_the_date_and_the_sky_run_on_this_process_s_epoch	1.650
panels::book_page_replies::a_delete_page_response_is_counted_and_changes_nothing	1.649
panels::quickbar::bank_two_falls_outside_the_toolbar_window_so_retail_shows_one_row_of_nine	1.648
panels::gameplay_hud::the_hud_comes_up_with_the_six_windows_the_retail_client_shows_and_no_others	1.639
panels::book_authoring::shipped_page_character_limit_is_fixed_and_independent_of_the_declared_list_field	1.639
rendering::lighting::a_torch_in_an_academy_cell_enters_the_static_pool_when_the_body_stands_there	1.637
panels::house_purchase_window::the_two_tabs_show_the_price_the_rent_and_the_owner	1.635
objects::placement_draw::an_object_the_server_names_a_placement_for_is_drawn_at_it	1.631
panels::character_panels::the_spellbook_draws_the_captures_own_spells_with_their_names_and_icons	1.621
rendering::object_draw_distance::a_creature_stops_being_submitted_at_the_distance_the_record_names	1.616
rendering::indoor_outdoor_gate::an_outdoor_viewer_is_untouched	1.612
rendering::detail_textures::the_building_pass_binds_a_second_texture_stage_and_the_pixels_move	1.609
world::landblock_streaming::a_block_that_scrolls_back_into_full_detail_re_bakes_its_scenery	1.604
objects::hidden_state::the_teleport_shimmer_ends_when_the_server_clears_hidden	1.603
movement::animation_hooks::the_last_set_omega_hook_of_a_step_wins	1.601
panels::inscription_placeholder::another_item_of_your_own_keeps_the_caret_and_sends_nothing	1.591
rendering::play_script_messages::a_wire_phstable_id_is_what_makes_it_work_for_a_normal_object	1.588
audio::ui_and_script_sounds::running_into_new_terrain_swaps_the_ambient_set	1.583
panels::character_panels::the_attributes_page_draws_the_captures_own_attributes_and_vitals	1.576
rendering::lighting::the_selection_blink_bright_half_now_exceeds_the_baseline	1.570
rendering::play_script_messages::a_played_script_type_gives_the_object_it_names_live_emitters	1.565
world::placement_surface_clamp::the_terrain_clamp_is_not_gated_on_ethereality	1.561
panels::gameplay_hud::the_radar_coordinate_line_reads_what_the_retail_client_reads	1.555
combat::player_killer_status::live_pk_updates_drive_attack_eligibility_and_the_radar_from_the_same_pwd_bits	1.550
rendering::billboards::every_part_draws_the_frame_calc_draw_frame_names_at_four_stations	1.547
rendering::play_script_messages::a_wire_message_for_a_script_type_the_table_lacks_creates_nothing	1.542
rendering::static_degrade_levels::the_triangle_count_over_a_fixed_walk_falls_with_the_switch_on	1.535
panels::examine_portrait::the_examine_window_hosts_a_viewport_element_at_0x10000148	1.526
panels::gameplay_hud::a_toolbar_button_opens_its_page_and_closing_it_puts_the_stack_away	1.509
rendering::play_script_messages::a_played_script_id_takes_the_same_path_without_the_table	1.507
rendering::render_preferences::the_landscape_draw_distance_rebuilds_the_ring_on_the_next_frame	1.505
net::late_receivers::the_two_warnings_queue_a_portal_storm_script_and_the_calm_ones_do_not	1.504
world::landblock_round_trip::the_bodys_parts_do_not_lag_the_window_recentre	1.503
panels::gameplay_hud::all_twenty_three_registered_pages_are_down_and_the_stacks_know_it	1.501
presentation::long_session_mesh_eviction::the_drive_reaches_the_world_and_builds_objects	1.497
world::cell_statics::the_setups_step_height_says_which_of_two_statics_can_be_climbed	1.493
rendering::adaptive_degrade::the_measured_frame_rate_is_the_clients_twenty_frame_window	1.490
ui::escape_and_action_arms::escapes_options_leg_reaches_the_live_ui_tree	1.489
world::landblock_interior_release::interior_cell_objects::a_departed_block_releases_the_objects_in_its_interior_cells	1.485
objects::marker_parts::nothing_but_a_marker_is_ever_refused	1.484
selection::auto_target::selection_change::the_fifteen_second_fallback_leg_fires_from_a_selection_change_and_the_boundary_is_exclusive	1.482
world::placement_surface_clamp::a_downward_placement_is_clamped_to_the_surface_and_an_upward_one_is_honoured	1.481
rendering::game_viewport::the_scene_renders_inside_the_world_view_rectangle	1.461
camera::camera_collision::the_swept_camera_stays_in_the_room_the_unswept_one_leaves	1.458
objects::hidden_state::the_body_is_drawn_again_after_the_server_clears_hidden	1.455
rendering::particle_emitter_degrade_cutoff::an_emitter_is_asked_about_its_manager_and_not_about_itself	1.449
rendering::play_script_messages::the_queue_is_drained_and_does_not_grow	1.447
rendering::play_script_messages::a_null_script_id_creates_nothing	1.439
objects::appearance_objdesc::the_players_own_body_wears_his_objdesc	1.435
panels::character_panels::the_filter_hides_a_school_and_the_list_follows	1.433
rendering::hud_raster::the_hud_fits_in_the_descriptor_heap_and_exhausts_nothing	1.431
login::second_login::the_run_lock_does_not_survive_into_the_next_session	1.404
ui::drag_after_resize::every_root_flagged_element_is_re_anchored_by_the_resize	1.400
audio::world_audio::the_terrain_rescan_is_driven_by_movement_and_not_by_the_frame	1.400
world::viewer_cell::load_time::neither_load_time_arm_re_centres	1.400
objects::populated_world::the_captures_objects_are_drawn_where_the_server_put_them	1.396
panels::character_options::disable_most_weather_effects_turns_the_weather_layer_off	1.391
panels::character_panels::the_skills_page_draws_the_captures_own_skills_with_their_names_and_values	1.389
rendering::play_script_messages::an_unknown_object_is_not_scripted	1.381
combat::attack_hook::seam::an_attack_hook_that_lands_on_nothing_plays_no_script	1.375
rendering::game_viewport::resizing_the_world_view_moves_the_game_viewport	1.372
ui::escape_and_action_arms::the_screenshot_arm_reaches_the_device_and_writes_the_chat_line	1.371
rendering::particle_emitter_degrade_cutoff::should_draw_particles_is_called_and_the_defect_is_the_distance_it_is_handed	1.371
ui::drag_after_resize::after_going_full_screen_a_fresh_drag_is_still_the_icon_sized_quad	1.371
ui::drag_after_resize::the_draw_command_the_ghost_emits_is_the_same_small_rectangle	1.363
ui::drag_after_resize::a_resize_during_a_drag_still_re_anchors_the_ghost_exactly_as_retails_resizeto_cascade_does	1.362
camera::camera_pitch::the_frame_loop_applies_the_gameplay_ui_s_camera_scale	1.362
rendering::detail_textures::the_preference_generates_the_region_s_two_live_detail_surfaces	1.361
world::landblock_object_release::the_ring_shift_still_releases_and_a_resident_block_still_places	1.355
rendering::terrain_lod_seams::a_request_to_bury_an_object_is_discarded_so_it_cannot_be_a_leak_floor	1.352
world::scripted_static_collision_body::scene::the_one_shipped_static_that_a_script_doubles_doubles_its_collision_body	1.351
rendering::static_degrade_levels::map_mode_puts_every_placement_back_on_level_zero	1.344
ui::drag_after_resize::the_proxy_keeps_the_tiles_own_extent_across_the_resize	1.341
objects::hidden_state::the_unhide_fade_passes_through_the_middle_of_the_ramp	1.340
panels::radar_environs::encoded_environs_six_blanks_the_radar_and_zero_restores_it	1.339
world::dungeon_landblock_window::an_outdoor_viewer_still_re_centres	1.336
rendering::preview_level_zero::the_portal_space_is_the_control	1.329
rendering::render_preferences::multiple_pass_alpha_adds_a_second_device_pass_on_the_next_frame	1.329
world::landblock_interior_release::interior_cell_objects::the_lost_cell_the_release_wrote_is_the_one_init_obj_cell_pops	1.326
rendering::preview_level_zero::the_char_gen_turntable_bakes_gfxobj_zero_for_every_part	1.325
world::landblock_object_release::a_teleport_leaves_nothing_of_the_origin_behind_not_even_what_arrives_after_it	1.322
world::landblock_streaming::walking_out_of_the_starting_block_keeps_the_world_and_its_objects_drawn	1.321
ui::drag_after_resize::windowed_the_ghost_is_the_icon_sized_quad_under_the_cursor	1.318
ui::drag_after_resize::the_owners_3840x2160_is_the_same_answer	1.315
rendering::static_scene::scenery_only_grows_on_full_detail_blocks	1.315
rendering::render_preferences::environment_detail_textures_is_polled_and_reaches_no_subsystem_in_this_build	1.315
audio::world_audio::the_animation_sound_hooks_resolve_against_the_objects_own_table	1.310
movement::scenery_collision::walking_into_a_generated_tree_stops_the_body	1.304
rendering::interiors_through_outdoor_portals::the_resident_blocks_openings_are_found_and_face_outwards	1.304
login::second_login::a_squelch_set_in_the_first_session_is_not_still_in_force_in_the_second	1.302
movement::animation_hooks::a_set_omega_hook_fired_inside_the_frame_turns_the_physics_body	1.301
ui::drag_after_resize::the_ghosts_uvs_span_one_copy_of_the_icon_and_the_sampler_clamps	1.297
selection::target_brackets::actual_selection_option_ownership_destroy_and_offscreen_consumers_do_not_leave_brackets	1.285
rendering::detail_textures::the_preference_is_still_polled_and_counted	1.283
inventory::corpse_loot_window::recorded_corpse_contents_open_an_effectively_visible_dat_window	1.281
ui::drag_after_resize::a_tooltip_built_after_the_resize_is_the_same_size_as_one_built_before	1.275
ui::drag_after_resize::the_same_rule_answers_wrap_for_the_quad_the_defect_drew	1.270
world::landblock_object_release::outdoor_objects::a_portal_on_the_terrain_of_a_departed_block_is_released_rather_than_left_drawn	1.264
movement::animation_hooks::an_ethereal_hook_fired_inside_the_frame_reaches_the_physics_object	1.261
panels::character_options::side_by_side_vitals_shows_one_vitals_window_and_hides_the_other	1.261
objects::hidden_state::the_recorded_login_sequence_leaves_the_player_visible	1.258
selection::auto_target::defender_notification::anything_selected_at_all_blocks_the_arm_here	1.256
selection::auto_target::defender_notification::each_defender_handler_reselects_the_last_attacker	1.255
world::scripted_static_collision_body::scene::every_landblock_static_that_runs_a_script_carries_its_own_collision_body	1.253
objects::nodraw_state::a_hidden_holder_takes_its_children_with_it_and_gives_them_back	1.253
selection::auto_target::defender_notification::each_defender_handler_stamps_the_clock	1.251
camera::camera_collision::the_settled_camera_sits_at_the_shipped_third_person_offset	1.251
combat::attack_hook::seam::a_swing_at_empty_air_finds_nothing_and_queues_nothing	1.250
rendering::preview_level_zero::the_identify_portrait_bakes_gfxobj_zero_and_frames_from_level_zeros_box	1.250
movement::remote_stick_to_object::a_stuck_creature_is_pulled_toward_what_it_is_stuck_to	1.247
rendering::adaptive_degrade::the_loop_runs_exactly_once_per_frame_of_the_apps_own_update_path	1.239
login::second_login::an_unclean_ending_does_not_stop_the_next_login_from_creating_a_player	1.236
selection::selection_cycle_actions::the_use_tail_is_gated_on_is_corpse	1.231
rendering::render_preferences::the_options_pages_apply_changes_the_picture_live	1.231
camera::turn_keys::in_third_person_without_mouse_turning_the_keys_do_what_they_did	1.224
ui::drag_after_resize::the_proxy_is_pushed_to_the_tail_of_the_roots_child_list	1.224
audio::ui_and_script_sounds::the_listener_follows_the_camera_every_frame	1.221
camera::camera_collision::the_swept_camera_does_not_sink_into_a_hillside	1.221
audio::world_audio::the_regions_ambient_tables_and_their_waves_are_resident	1.217
world::cell_statics::a_holtburg_dinnertable_answers_a_body_walking_into_it_and_an_unregistered_one_does_not	1.215
selection::target_brackets::app_draws_dat_brackets_for_world_creature_and_corpse_and_clears_deselection	1.213
combat::attack_hook::seam::an_attack_hook_that_lands_plays_the_attackers_default_script	1.211
rendering::render_and_day_commands::typed_day_toggles_persisted_noon_lighting_from_a_real_night_scene	1.210
panels::radar_allegiance_shape::player_monarch_updates_refresh_another_visible_players_radar_shape	1.206
selection::auto_target::selection_change::losing_the_target_aborts_an_automatic_attack	1.203
panels::character_options::always_day_puts_the_landscape_on_noon_lighting	1.202
panels::character_options::display_coordinates_on_radar_takes_the_read_out_down_and_brings_it_back	1.201
panels::character_options::filter_language_censors_incoming_chat_and_can_be_turned_back_off	1.199
world::unplaceable_object_lifetime::an_unplaceable_outdoor_cell_object_is_destroyed_after_twenty_five_seconds	1.193
selection::object_range_checks::range_watch::the_range_follows_the_body_when_it_goes_back_outside	1.191
login::second_login::the_talk_focus_goes_back_to_say_on_the_next_login	1.189
movement::local_motion_style::a_recorded_move_to_object_still_reaches_perform_movement	1.185
rendering::billboards::a_mode_five_card_turns_as_the_camera_orbits_and_a_mode_one_static_never_does	1.178
movement::ledge_edge_slide::the_same_body_with_edge_slide_ps_cleared_walks_straight_off	1.174
login::booted_and_banned::a_timed_ban_names_the_expiry_and_a_permanent_one_names_no_date	1.171
movement::local_motion_style::the_autonomous_echo_is_refused_upstream_so_the_second_guard_is_unreachable	1.170
rendering::part_translucency::the_hook_channel_ramps_to_invisible_and_comes_back	1.168
panels::character_options::disable_distance_fog_takes_the_fog_off	1.163
movement::ledge_edge_slide::walking_forward_off_a_static_ledge_keeps_contact_and_does_not_fall	1.158
inventory::corpse_loot_window::notices_do_not_replay_into_late_or_rebuilt_gameplay_and_fresh_notices_can_reopen	1.158
panels::radar_coordinates::a_teleport_into_another_landblock_moves_the_radar_read_out	1.157
world::house_barrier::the_monarchs_allegiance_is_let_through_and_nobody_else_is	1.155
selection::auto_target::the_bench_can_select_and_can_refuse	1.147
world::landblock_object_release::an_actual_short_player_teleport_releases_and_rebuilds_the_whole_window	1.146
movement::scenery_collision::walking_into_a_decorative_scenery_piece_does_not_stop_the_body	1.141
rendering::interiors_through_outdoor_portals::the_indoor_path_follows_the_camera_and_not_the_body	1.140
movement::ledge_edge_slide::the_test_spot_is_a_static_ledge_with_three_and_a_half_metres_of_air_in_front_of_it	1.138
rendering::billboards::every_placement_billboards_the_way_calc_draw_frame_says_at_three_stations	1.134
movement::local_motion_style::the_players_stance_follows_the_servers_current_style	1.127
camera::camera_collision::mouse_look_only_moves_the_camera_from_the_sixth_frame	1.125
movement::scenery_collision::a_server_placed_object_in_the_same_land_cell_already_stopped_the_body	1.119
world::unplaceable_object_lifetime::a_door_in_the_cell_that_contains_it_keeps_its_cell_and_keeps_drawing	1.119
movement::local_motion_style::the_style_word_on_a_move_to_arm_changes_the_players_stance	1.118
rendering::static_degrade_levels::every_placement_draws_the_level_get_degrade_names_at_three_distances	1.117
world::landblock_recentre::frame_writers::a_crossing_moves_the_render_space_by_exactly_the_block_shift	1.116
login::second_login::a_second_login_stands_the_body_where_the_server_says_and_not_where_the_first_one_left_it	1.106
login::logout_departure::a_shard_that_does_ask_for_the_dematerialise_is_already_fully_received	1.105
panels::character_options::the_character_options_page_is_fifty_rows_and_each_edits_its_own_bit	1.104
movement::local_motion_style::the_players_own_interpreted_state_reaches_his_body	1.097
movement::local_motion_style::the_player_has_no_scene_object_for_apply_movement_to_find	1.097
selection::auto_target::defender_notification::an_undecodable_body_stamps_nothing	1.094
objects::removal_lifecycle::a_pickup_leaves_the_selected_object_and_toolbar_identity_alive	1.084
camera::turn_keys::with_mouse_turning_on_the_mouse_turns_the_body	1.077
presentation::static_event_queue_growth::a_landblock_statics_event_queue_stays_bounded_over_a_long_session	1.074
objects::held_objects_draw::wielding_a_weapon_changes_pixels_and_only_where_the_weapon_is	1.073
rendering::sky::the_landscape_sun_vector_keeps_its_brightness	1.070
objects::placement_draw::the_named_placement_moves_pixels_and_only_where_the_object_is	1.068
rendering::objects_through_doorways::a_held_item_uses_its_holders_outdoor_draw_phase	1.066
login::second_login::the_second_world_does_not_cost_a_second_heap	1.064
audio::server_sound_event::a_sound_event_for_an_undrawn_object_is_counted_as_a_miss	1.060
world::viewer_cell::load_time::the_next_update_recomputes_the_same_index_from_the_re_centred_viewpoint	1.058
world::cell_statics::every_training_dungeon_placement_is_accounted_for	1.056
login::second_login::the_use_cursor_is_not_still_armed_in_the_next_session	1.054
rendering::billboards::force_level_pins_every_baked_placement_through_the_scene	1.047
world::house_barrier::the_contact_sparks_unless_disable_house_restriction_effects_is_set	1.040
rendering::particles::the_scripted_statics_around_holtburg_become_live_emitters	1.024
login::booted_and_banned::a_clean_logout_reaches_the_epilogue_and_never_the_disconnect_screen	1.019
objects::removal_lifecycle::same_id_replacement_retires_exact_old_physical_and_motion_owners_before_next_operation	1.017
selection::object_range_checks::a_frame_closes_the_vendor_the_player_has_walked_away_from	1.015
objects::nodraw_state::an_object_the_server_marks_nodraw_is_not_submitted	1.012
rendering::render_preferences::a_brighter_profile_draws_a_brighter_frame	1.007
selection::object_range_checks::range_watch::the_selection_watch_arms_at_the_range_the_players_own_cell_chooses	1.004
objects::frame_phase_ordering::recent_attacker_removal_dispatches_selection_while_old_weenie_is_being_removed	1.003
objects::removal_lifecycle::a_delete_immediately_removes_model_presence_and_the_render_body_then_allows_recreate	1.002
ui::tiling_and_rotation::no_shipped_element_carries_a_rotation	0.999
ui::escape_and_action_arms::escape_no_longer_falls_through_the_action_dispatch	0.999
world::landblock_recentre::frame_writers::the_server_object_writer_is_on_the_far_side_of_the_recentre	0.996
combat::projectile_impact::a_bolt_ignores_an_ethereal_weenie_but_hits_the_same_body_while_solid	0.996
world::landblock_recentre::frame_writers::the_body_writer_is_on_the_far_side_of_the_recentre	0.995
objects::hidden_state::remote_hidden_edges_remove_link_animations_but_keep_the_object_and_cycle	0.993
rendering::game_viewport::the_scene_does_paint_outside_the_rect_when_the_viewport_is_the_window	0.992
objects::hidden_state::a_login_create_without_hidden_draws_the_body_at_once	0.991
objects::hidden_state::the_teleport_hide_removes_the_player_from_attack_detection_until_unhide	0.989
objects::remote_leave_return::equal_instance_return_create_materializes_remote_body_and_held_item	0.985
selection::selection_persistence::a_driven_run_keeps_the_selection_across_every_range_exit_once_the_object_has_been_drawn	0.985
login::logout_departure::an_accepted_logout_stops_held_input_and_reports_that_stop_once	0.983
objects::hidden_state::encoded_hidden_edges_remove_link_animations_but_an_unchanged_word_does_not	0.982
world::viewer_cell::at_a_block_boundary_the_index_wraps_rather_than_saturating	0.976
objects::placement_draw::an_object_with_an_animation_refuses_a_position_events_placement	0.974
rendering::texture_cache_key_spaces::the_cross_space_census_over_a_shipped_window_is_reported_with_its_denominator	0.973
selection::selection_persistence::the_range_edge_is_the_radar_radius_on_both_arms_and_not_before_it	0.970
selection::auto_target::auto_target_falls_back_when_the_attacker_is_gone_or_being_removed	0.969
rendering::game_viewport::the_aspect_is_the_viewports_and_not_the_windows	0.968
camera::turn_keys::in_first_person_the_turn_key_turns_the_body_and_the_camera_follows	0.968
selection::auto_target::selection_change::the_bench_can_raise_a_selection_notice_and_can_raise_none	0.960
inventory::targeted_use::app_journey::actual_toolbar_arms_targeted_cursor_and_escape_retains_source_for_a_fresh_operation	0.957
objects::part_swap_gfxobj::the_local_body_keeps_the_limb_when_a_swap_names_an_absent_gfxobj	0.956
ui::escape_and_action_arms::escape_while_moving_stops_the_body_and_prints_action_interrupted	0.952
selection::selection_cycle_actions::the_bench_can_select_and_can_refuse	0.951
objects::part_swap_gfxobj::a_server_objects_swap_naming_an_absent_gfxobj_keeps_the_setups_part	0.951
rendering::object_viewcone_cull::the_cone_and_the_projection_share_a_znear	0.945
rendering::part_translucency::first_person_hides_the_body_through_the_frames_own_camera_call	0.944
camera::turn_keys::a_camera_key_reaches_set_pivot_object_and_the_stiffness_pair	0.944
ui::tiling_and_rotation::the_shipped_screens_exercise_both_arms_of_graphic_draw	0.939
rendering::static_scene::a_frame_of_the_static_scene_is_mostly_lit_below_the_horizon	0.935
selection::auto_target::the_last_attacker_arm_carries_the_radar_range_on_both_sides	0.929
movement::stance_change_stop_and_resume::the_seam_retakes_control_for_a_held_key_and_never_for_a_cancelled_auto_run	0.929
objects::part_swaps::replaying_the_captures_equip_sequence_lands_where_a_fresh_body_lands	0.929
objects::part_swap_gfxobj::a_swapped_part_on_the_local_body_carries_the_new_objects_degrade_record	0.920
world::viewpoint_sweep_lag::driving_update_without_the_sweep_freezes_the_viewpoint_exactly	0.919
rendering::sky::the_sky_scrolls_by_elapsed_time_and_not_by_frame_count	0.917
rendering::static_scene::the_holtburg_scene_meshes_the_whole_window_and_texture_maps_every_cell	0.908
presentation::window_position::wired::logging_out_and_back_in_keeps_the_window_where_it_is	0.908
objects::held_objects_draw::a_parent_event_moves_an_already_drawn_object_onto_its_holder	0.895
world::viewer_cell::cell_source::riding_the_line_is_where_the_container_rule_and_a_floor_part	0.890
world::viewpoint_sweep_lag::world_scene_update_does_not_move_the_viewpoint_which_is_why_the_lag_is_exactly_one_frame	0.886
world::landblock_object_release::rapid_teleports_preserve_the_final_local_and_remote_arrivals	0.885
ui::tiling_and_rotation::some_shipped_repeats_move_pixels_and_the_rest_are_uniform_along_their_axis	0.884
objects::held_objects_draw::a_parent_location_the_holder_does_not_carry_holds_nothing	0.879
objects::removal_lifecycle::recorded_corpse_destroy_then_delete_retires_every_app_owner	0.876
objects::removal_lifecycle::no_packet_app_frame_runs_final_destruction_and_releases_presence_render_and_selection	0.876
audio::server_sound_event::the_sound_table_is_the_descriptors_override_and_then_the_setups_default	0.876
rendering::sky::advancing_the_clock_relights_the_world_from_inside_the_frame_loop	0.874
rendering::static_scene::two_frames_of_an_unmoved_camera_are_pixel_identical	0.873
login::chargen_wizard::training_a_skill_changes_only_the_skills_list_and_the_credit_meter	0.872
world::viewer_cell::indoors_the_clamp_reports_a_cell_the_viewer_is_not_in	0.865
objects::part_swaps::the_drawn_body_carries_exactly_the_captures_part_swaps	0.857
rendering::adaptive_degrade::the_overhead_camera_mode_disables_degrades	0.851
world::viewer_cell::cell_source::the_closed_square_is_point_in_cell_on_retail_terrain	0.846
rendering::rain_extent::the_weather_layer_falls_across_the_whole_view	0.843
login::intro_sequence::the_whole_shipped_sequence_plays_and_lands_on_character_management	0.841
rendering::object_viewcone_cull::with_the_cull_on_the_object_behind_the_camera_is_not_drawn_at_all	0.840
objects::placement_draw::a_later_position_event_reposes_an_object_already_on_screen	0.839
audio::server_sound_event::the_sound_event_queue_is_drained_without_an_audio_device	0.830
objects::player_body_effects::a_script_type_the_players_table_lacks_creates_nothing_on_the_body	0.829
objects::remote_leave_return::a_culled_remote_returning_as_a_fresh_create_materializes_body_and_wand	0.827
world::viewpoint_sweep_lag::a_bodiless_scene_never_counts_an_update_as_unswept	0.821
world::viewer_cell::the_cell_index_tracks_every_24_m_boundary_inside_a_block	0.821
world::viewer_cell::load_time::the_bodys_viewpoint_is_untouched_by_the_re_centre	0.820
objects::held_objects_draw::a_weapon_wielded_by_the_player_hangs_off_his_own_body	0.820
camera::chase_camera_target::the_camera_frames_an_attackable_target_in_melee_mode	0.819
objects::held_objects_draw::a_wielded_weapon_is_drawn_in_the_holders_hand	0.814
rendering::terrain_compositor_parity::switching_modes_converts_every_resident_cell_and_frees_the_other_mode	0.809
login::chargen_wizard::choosing_a_profession_changes_only_the_boxes_the_profession_page_declares	0.808
rendering::object_draw_distance::the_dat_is_full_of_setups_that_never_go_dark	0.806
world::dungeon_landblock_window::the_gate_is_seen_outside_and_not_merely_indoors	0.804
objects::marker_parts::the_corpus_objects_that_carry_marker_parts	0.801
world::viewer_cell::a_viewpoint_off_the_edge_of_the_world_leaves_the_last_cell_standing	0.801
login::chargen_face_tab::a_character_created_without_opening_the_clothes_tab_goes_out_bare_headed	0.797
objects::part_swaps::the_corpus_part_swaps_all_name_a_part_the_setup_has_and_a_gfxobj_the_dat_holds	0.777
objects::held_objects_draw::a_wielded_weapon_the_server_puts_away_stops_being_drawn	0.777
world::viewer_cell::the_cell_index_tracks_the_land_cell_under_every_room_of_the_block	0.777
world::viewer_cell::load_time::the_frame_loops_re_centre_normalises_the_flycam_into_the_centre_block	0.775
world::streaming_slot_release::the_combined_texture_cache_is_wired_and_serves_hits_over_a_shipped_window	0.774
rendering::sky::the_sky_is_not_black_and_the_day_cycle_moves_it	0.772
world::streaming_slot_release::terrain_surfaces::tearing_a_scene_down_returns_its_merged_terrain_surfaces_too	0.771
world::viewer_cell::the_clamp_reports_a_cell_the_viewer_is_not_in	0.769
magic::fizzle_effect::a_fizzle_for_an_object_the_client_does_not_hold_plays_nothing	0.764
objects::player_body_effects::a_level_up_on_the_players_own_object_reaches_the_bodys_emitters	0.760
world::viewer_cell::load_time::a_re_centre_at_load_would_scroll_off_the_block_load_was_asked_for	0.753
objects::placement_draw::a_placement_the_setup_does_not_carry_falls_back_to_key_zero	0.752
world::viewer_cell::load_time::a_re_centre_cannot_change_the_flycams_cell_index	0.750
objects::remote_leave_return::a_silently_dropped_visible_remote_rematerializes_from_the_equal_instance_create	0.744
ui::font_rasterisation::every_retail_font_rasterises_and_the_range_and_texture_size_are_stated	0.742
world::interiors::standing_inside_a_building_draws_its_interior	0.738
world::scale_hook_seam::a_scale_hook_fired_inside_the_frame_reaches_the_physics_object	0.731
audio::world_audio::a_triggered_sound_is_attenuated_by_distance_and_panned_by_bearing	0.727
presentation::sync_to_refresh::the_option_write_reaches_the_native_fullscreen_present_policy	0.725
objects::held_objects_draw::moving_the_holder_moves_what_it_holds	0.722
login::chargen_dressing::the_shade_slider_reaches_the_model	0.716
login::second_login::standing_in_the_world_never_tears_it_down	0.716
objects::populated_world::every_create_the_server_sent_reaches_the_object_tables	0.712
magic::fizzle_effect::a_script_type_the_players_table_lacks_creates_nothing_and_is_silent	0.711
camera::chase_camera_target::dropping_the_target_in_one_session_restores_the_chase_camera	0.708
objects::marker_parts::the_markers_texture_is_transparent	0.704
objects::populated_world::the_players_own_instance_sequence_comes_off_the_wire	0.703
selection::selection_cycle_actions::the_closest_arms_never_re_call	0.702
world::interiors::env_cells_become_visible_because_the_landblock_path_prefetched_them	0.702
objects::remote_leave_return::a_return_create_landing_on_the_cull_frame_keeps_the_remote	0.693
world::streaming_slot_release::repeated_appearance_changes_on_the_player_do_not_accumulate_slots	0.692
objects::marker_parts::the_client_draws_a_marker_on_the_local_player_and_refuses_it_on_everything_else	0.687
login::second_login::the_duplicate_player_guard_still_refuses_a_second_create	0.685
magic::fizzle_effect::the_recorded_fizzle_reaches_the_bodys_emitter_and_raises_its_sound	0.684
world::interiors::a_body_standing_where_a_building_is_transits_into_its_interior_cell	0.678
objects::marker_parts::the_refused_ids_identified_one_by_one	0.672
objects::marker_parts::the_refused_part_swaps_by_gfxobj_id	0.671
presentation::shutdown::the_disconnect_reason_rasterises_only_inside_the_glyph_rectangles_the_font_metrics_predict	0.666
selection::auto_target::selection_change::target_willingly_lost_is_cleared_by_the_notice_it_refuses	0.658
movement::remote_single_position::an_update_with_no_contact_bit_moves_nothing_and_no_reader_follows_it	0.657
movement::motion_continuations::remote_action_completion_clears_owned_stick_and_subscription_in_both_animation_owners	0.657
combat::projectile_impact::a_bolt_that_reaches_the_ground_stops_being_a_missile	0.656
objects::death_animation::a_killed_creature_falls_over_exactly_once_across_itself_and_its_corpse	0.655
objects::frame_phase_ordering::two_remote_commands_complete_callbacks_without_coalescing_or_advancing_physics	0.647
objects::part_swap_gfxobj::the_dat_seam_answers_present_and_absent_and_never_unknown	0.642
selection::auto_target::a_pending_combat_noop_and_an_empty_retry_do_not_auto_target	0.637
presentation::screens_at_resolution::wired::character_select_fills_the_window_after_the_logout	0.636
presentation::screens_at_resolution::wired::a_profile_that_names_no_resolution_is_not_moved_by_entering_the_world	0.633
login::disconnect_and_leave_game::an_unanswered_confirm_never_ends_the_session_on_its_own	0.625
login::disconnect_and_leave_game::the_four_codes_with_no_token_do_not_raise_the_screen_at_all	0.622
objects::player_body_setup::a_rebuilt_body_takes_the_new_setups_collision_half	0.622
selection::auto_target::selection_change::a_deselect_raises_the_selection_changed_notice	0.612
selection::auto_target::a_pending_combat_retry_auto_targets_on_the_first_ready_frame_only	0.605
rendering::static_degrade_levels::the_dat_says_how_many_records_can_switch_at_all	0.604
movement::remote_root_motion::remote_approach_uses_real_dat_root_motion_and_publishes_achieved_position	0.604
objects::created_velocity::a_projectile_created_with_a_velocity_travels	0.603
objects::remote_leave_return::a_remote_teleporting_to_an_unloaded_landblock_is_culled_with_its_held_child	0.603
objects::parked_attachments::app_late_child_becomes_real_held_geometry_then_drop_and_next_parent_operation_work	0.598
rendering::static_degrade_levels::the_shipped_bands_are_only_reachable_if_the_degrade_distance_is_subtracted	0.597
login::disconnect_and_leave_game::answering_no_dismisses_the_confirm_and_leaves_the_player_in_the_world	0.595
presentation::screens_at_resolution::wired::logging_out_at_an_enlarged_resolution_returns_to_800x600	0.591
selection::auto_target::defender_notification::two_notifications_in_one_frame_are_two_calls	0.587
selection::selection_cycle_actions::closest_unopened_corpse_selects_and_does_not_use	0.586
rendering::object_viewcone_cull::the_new_latch_is_a_strict_subset_of_the_old_one_so_nothing_retail_kept_was_dropped	0.586
presentation::resolution_dropdown::wired::physical_resolution_change_applies_before_the_delayed_confirmation_and_yes_keeps_it	0.584
login::connect_and_patch_screens::the_text_rasterises_only_inside_the_glyph_rectangles_the_font_metrics_predict	0.580
rendering::ui_texture_addressing::the_start_texel_is_reduced_modulo_the_picture_before_the_sampler_sees_it	0.578
movement::remote_single_position::once_the_walk_completes_every_reader_agrees_with_the_target_as_well	0.578
rendering::part_degrade_levels::a_parts_level_zero_mesh_is_the_records_and_not_the_parts_own_id	0.575
login::disconnect_and_leave_game::the_process_stays_up_on_a_disconnect_and_ends_only_when_the_player_asks	0.575
login::chargen_wizard::the_part_arrows_wrap_the_way_the_client_wraps_them	0.573
login::chargen_wizard::a_character_with_a_chosen_profession_skills_and_face_passes_every_check_ace_makes	0.572
combat::projectile_impact::a_bolt_still_in_flight_is_still_a_missile	0.571
selection::auto_target::the_boundary_is_exclusive_and_has_no_minus_one	0.570
login::booted_and_banned::the_process_stays_up_on_a_boot_and_ends_only_when_the_player_asks	0.568
rendering::object_viewcone_cull::the_cone_runs_on_every_submitted_part_and_every_part_has_a_sphere	0.567
objects::player_body_setup::a_setup_the_dat_does_not_hold_leaves_the_body_alone	0.566
selection::selection_cycle_actions::a_release_event_runs_the_cycle_because_the_action_handler_never_reads_the_start_flag	0.566
selection::selection_persistence::the_bench_can_select_can_advance_and_can_end_up_empty	0.564
movement::remote_single_position::mid_walk_every_reader_is_the_body_and_not_the_wire_target	0.561
objects::appearance_objdesc::every_create_carries_an_objdesc_and_the_stream_keeps_it	0.561
objects::player_body_setup::re_offering_the_same_setup_does_not_rebuild_the_body	0.560
selection::selection_cycle_actions::previous_player	0.559
selection::auto_target::an_incompatible_pending_combat_retry_is_dropped_without_auto_target	0.559
presentation::resolution_dropdown::wired::no_and_expiry_restore_the_saved_resolution	0.558
selection::selection_cycle_actions::with_no_body_the_snapshot_is_empty_and_the_counter_says_so	0.554
login::chargen_preview_space::choosing_a_gender_changes_the_setup_the_preview_is_built_from	0.553
selection::selection_cycle_actions::closest_monster	0.552
rendering::object_viewcone_cull::an_object_submitted_but_outside_the_cone_does_not_raise_the_latch	0.552
objects::created_velocity::an_item_created_with_gravity_falls_straight_down_and_stays_active	0.551
rendering::ui_texture_addressing::the_shipped_frame_uses_the_mixed_descriptors_and_the_census_is_an_equality	0.547
selection::selection_cycle_actions::next_unopened_corpse_selects_and_does_not_use	0.545
login::disconnect_and_leave_game::exit_game_quits_without_asking	0.545
login::character_select_rows::the_character_names_rasterise_only_inside_the_glyph_rectangles_the_font_metrics_predict	0.544
combat::projectile_impact::the_client_does_not_remove_the_projectile_it_has_seen_hit	0.539
selection::selection_cycle_actions::each_kind_selects_its_own_and_no_other	0.539
selection::selection_cycle_actions::the_seam_reads_both_state_bits_off_the_live_word	0.538
objects::player_body_setup::a_motion_table_the_dat_does_not_hold_leaves_the_body_alone	0.538
login::booted_and_banned::the_booted_and_banned_sentences_are_not_rows_of_the_shipped_string_table	0.538
login::disconnect_and_leave_game::a_character_error_shows_the_servers_own_reason_and_not_another_codes	0.537
login::chargen_face_tab::the_wizard_arrives_on_the_face_tab_with_the_head_bare	0.535
combat::projectile_impact::an_impact_without_scripted_collision_calls_nothing	0.535
selection::selection_cycle_actions::previous_monster	0.535
movement::remote_walk_animation::a_recorded_remote_walk_raises_no_ground_edges_and_never_reaches_the_falling_animation	0.534
rendering::billboards::the_shipped_mode_census_over_the_whole_dat	0.534
selection::selection_persistence::the_cycle_advances_one_object_per_press_across_the_acts_between_them	0.533
presentation::window_position::wired::leaving_full_screen_puts_the_window_back_where_it_was	0.533
selection::selection_persistence::a_world_click_takes_the_latch_down_and_the_next_draw_puts_it_back_up	0.533
world::house_barrier::the_dats_restriction_objects_reach_the_physics_cells	0.530
objects::created_velocity::a_gravity_free_create_is_active_from_birth_and_does_not_move	0.528
selection::selection_cycle_actions::use_next_unopened_corpse_selects_and_uses	0.527
login::disconnect_and_leave_game::a_server_died_disconnect_shows_the_connection_lost_string	0.524
objects::removal_lifecycle::recorded_ui_remove_refreshes_real_inventory_list_and_surviving_item_remains	0.524
selection::auto_target::selection_change::the_defender_path_can_never_reach_the_fallback_however_old_the_last_hit_is	0.524
movement::remote_approach_replacement::recorded_approach_replacement_unsticks_and_starts_again	0.523
rendering::ui_texture_addressing::a_point_sample_lands_on_the_seam_of_the_axis_the_material_calls_non_tiling	0.521
selection::auto_target::a_release_event_runs_the_examine_arm	0.520
login::chargen_special_heritages::the_three_special_heritages_get_a_three_row_face_page_and_the_other_ten_do_not	0.519
rendering::sky::every_sky_object_the_region_names_resolves_to_triangles	0.518
movement::vector_and_position_receivers::the_recorded_vector_update_reaches_the_physics_body	0.517
selection::selection_cycle_actions::closest_item	0.517
objects::marker_parts::the_setups_own_marker_parts	0.517
selection::selection_cycle_actions::previous_compass_item	0.517
objects::created_velocity::a_gravity_carrying_create_is_active_from_birth	0.516
selection::auto_target::a_release_event_runs_the_use_arm	0.514
selection::selection_cycle_actions::an_object_with_no_position_is_refused_by_the_seam	0.512
selection::selection_persistence::after_a_drop_the_cycle_still_continues_from_the_dropped_object	0.512
selection::auto_target::the_last_attacker_action_selects_him	0.509
objects::frame_phase_ordering::world_view_deletion_refills_actual_inventory_before_the_producing_frame_draw	0.509
selection::selection_cycle_actions::next_past_the_farthest_wraps_to_the_nearest	0.503
selection::selection_cycle_actions::the_players_own_cell_picks_the_radius_the_cycle_gates_at	0.503
presentation::window_position::wired::a_resolution_that_would_run_off_the_screen_is_clamped	0.501
selection::selection_cycle_actions::use_closest_unopened_corpse_selects_and_uses	0.501
rendering::object_viewcone_cull::an_object_in_front_is_inside_the_cone_and_raises_the_latch	0.501
selection::selection_cycle_actions::next_monster	0.500
login::booted_and_banned::a_boot_with_no_reason_shows_the_code_of_conduct_default	0.499
presentation::window_position::wired::picking_a_resolution_resizes_without_moving_the_window	0.499
selection::selection_cycle_actions::previous_item	0.496
presentation::frame_independence::a_bodyless_remote_animation_uses_the_shared_tick_but_position_corrections_do_not	0.494
login::chargen_special_heritages::nine_spots_are_shown_and_exactly_one_marker	0.494
selection::selection_persistence::the_draw_time_setter_matches_the_id_and_not_merely_the_fact_that_something_was_drawn	0.493
rendering::object_viewcone_cull::the_shipping_default_is_the_clients_cull_and_the_latch_is_real	0.492
selection::selection_cycle_actions::next_compass_item	0.491
combat::projectile_impact::an_impact_calls_the_projectiles_default_script	0.491
login::booted_and_banned::the_corpus_0xf7dc_reaches_the_screen_with_the_servers_own_reason	0.490
selection::selection_cycle_actions::closest_compass_item	0.489
ui::escape_and_action_arms::the_screenshot_key_asks_for_one_and_is_consumed	0.489
presentation::window_position::wired::a_refused_resolution_change_moves_nothing	0.489
selection::selection_cycle_actions::next_player	0.485
login::chargen_wizard::an_olthoi_character_walks_heritage_appearance_summary_in_both_directions	0.483
inventory::backpack_panel_paper_doll::the_paper_doll_wears_the_gear_the_capture_sent	0.482
login::disconnect_and_leave_game::answering_yes_asks_to_log_off_and_does_not_quit	0.481
selection::selection_cycle_actions::previous_past_the_nearest_wraps_to_the_farthest	0.480
world::house_barrier::a_stranger_is_stopped_at_a_closed_houses_boundary	0.479
presentation::screens_at_resolution::wired::a_resolution_below_the_floor_still_leaves_the_presentation_alone	0.477
login::disconnect_and_leave_game::the_confirmation_draws_and_only_inside_its_own_panel	0.477
ui::escape_and_action_arms::escape_with_a_target_drops_it_and_marks_the_loss_as_willing	0.476
login::chargen_preview_space::the_same_duration_at_two_frame_rates_reaches_the_same_frame	0.473
ui::escape_and_action_arms::escape_finishes_a_jump_before_it_looks_at_anything_else	0.472
selection::selection_cycle_actions::closest_player	0.471
login::disconnect_and_leave_game::exit_to_character_selection_raises_the_confirm_the_retail_frame_shows	0.471
presentation::screenshot_file::the_index_is_the_lowest_name_that_does_not_already_exist	0.467
selection::selection_cycle_actions::next_with_nothing_selected_selects_the_farthest	0.467
selection::selection_cycle_actions::next_item	0.466
rendering::ui_texture_addressing::the_vertical_twin_wraps_v_and_clamps_u	0.463
presentation::screens_at_resolution::wired::a_resolution_chosen_while_forced_is_stored_and_not_applied	0.459
movement::remote_root_motion::bodyless_viewer_retains_its_animation_ladder_without_claiming_physical_translation	0.459
objects::player_body_setup::the_corpus_players_are_not_all_one_setup	0.459
login::chargen_wizard::the_turntable_describes_the_character_the_wizard_has_built	0.457
ui::escape_and_action_arms::the_help_key_reaches_its_arm_rather_than_falling_through	0.457
rendering::object_viewcone_cull::an_object_in_front_but_off_to_the_side_is_rejected_by_the_view_polygons_own_planes	0.456
ui::tiling_and_rotation::a_tiling_offset_scrolls_the_repeat_rather_than_smearing_the_last_column	0.452
ui::edit_field_selection_highlight::the_highlight_appears_and_disappears_with_the_selection	0.450
login::chargen_special_heritages::the_skin_rows_arrows_are_greyed_on_every_heritage	0.446
objects::populated_world::objects_move_from_position_events	0.445
presentation::sync_to_refresh::a_real_hidden_swap_chain_presents_with_the_configured_interval	0.442
login::intro_sequence::the_logo_movie_is_two_hundred_and_nineteen_distinct_frames_and_stops	0.441
ui::escape_and_action_arms::the_radar_key_toggles_a_flag_that_starts_true	0.436
ui::edit_field_selection_highlight::the_highlight_changes_only_the_pixels_under_the_selected_glyphs	0.434
login::chargen_dressing::a_colour_chosen_on_the_wheel_reaches_the_model	0.433
ui::escape_and_action_arms::the_plugin_manager_key_is_a_toggle_and_not_a_set	0.431
presentation::screenshot_file::the_screenshot_lands_beside_the_preferences_file_as_screenshot00000	0.430
ui::escape_and_action_arms::escape_with_nothing_selected_asks_for_the_gameplay_options_panel	0.428
login::chargen_preview_space::the_summary_page_draws_through_the_same_space	0.428
ui::escape_and_action_arms::escape_cancels_the_target_cursor_before_it_drops_the_target	0.427
selection::selection_persistence::the_wrap_is_a_re_call_and_not_a_cleared_selection	0.426
audio::ui_and_script_sounds::a_press_on_a_control_with_no_sound_media_plays_nothing	0.423
ui::fill_and_erase::radar_blips_reach_the_frame_and_land_only_inside_the_radar	0.420
login::chargen_preview_space::the_preview_draws_inside_its_viewport_and_nowhere_else	0.417
login::chargen_appearance_controls::the_summary_page_previews_the_same_body_the_appearance_page_does	0.414
login::chargen_preview_space::the_rotate_arrows_turn_the_model_and_the_second_press_stops_it	0.414
ui::edit_field_selection_highlight::the_name_box_enters_with_its_whole_prompt_selected_and_the_first_key_replaces_it	0.413
presentation::resolution_dropdown::wired::the_option_write_resizes_the_presentation	0.413
ui::escape_and_action_arms::escape_during_an_automatic_attack_aborts_it_without_printing	0.411
ui::edit_field_selection_highlight::the_selection_is_carried_into_the_draw_list_as_one_rectangle_per_selected_glyph	0.408
login::chargen_appearance_controls::the_zoom_buttons_own_rectangle_repaints_when_the_state_changes	0.407
login::character_select_rows::double_clicking_a_row_asks_to_enter_the_world_with_the_retail_clients_own_bytes	0.395
presentation::resolution_dropdown::wired::the_option_write_resizes_the_presentation_in_its_producing_frame	0.395
login::chargen_dressing::the_summary_page_shows_the_same_dressed_character	0.394
presentation::resolution_dropdown::wired::the_ui_root_is_relaid_out_at_the_new_extent	0.391
ui::tiling_and_rotation::a_tiled_element_repeats_its_picture_at_every_seam	0.388
ui::fill_and_erase::every_erase_is_counted_rather_than_dropped_silently	0.384
login::character_select_rows::the_wizard_builds_a_character_ace_will_accept	0.383
login::chargen_special_heritages::the_shade_disk_takes_the_colour_of_the_spot_that_was_chosen	0.382
login::disconnect_and_leave_game::a_character_error_survives_the_frame_that_raised_it_with_a_server_on_the_line	0.380
login::chargen_preview_space::the_face_tab_zooms_in_and_the_clothes_tab_zooms_out	0.379
rendering::ui_sampler_selection::a_fill_binds_point_because_its_surface_is_never_scaled_and_it_could_not_look_different	0.379
ui::fill_and_erase::erase_self_is_a_clear_to_rgba_null_and_changes_no_pixel	0.378
login::chargen_dressing::a_clothes_arrow_changes_the_geometry_that_is_drawn	0.374
login::character_select_rows::the_rows_are_real_elements_at_the_documented_pitch_and_in_alphabetical_order	0.370
ui::tiling_and_rotation::a_rotated_element_binds_linear_where_its_unrotated_twin_binds_point	0.369
rendering::highres_texture_policy::the_interrogation_product_id_grants_the_high_res_dat	0.369
login::chargen_dressing::every_stage_of_the_update_tail_runs	0.366
ui::fill_and_erase::the_chat_window_background_is_a_translucent_black_tile_not_an_opaque_one	0.365
login::chargen_dressing::the_background_object_changes_the_frame_inside_the_viewport	0.362
audio::ui_and_script_sounds::a_real_button_press_plays_the_layouts_own_click_sound	0.362
ui::edit_field_selection_highlight::nothing_else_on_the_page_draws_a_highlight	0.361
login::chargen_appearance_controls::the_two_halves_move_the_camera_to_their_own_targets_and_repaint_the_model	0.360
login::chargen_face_tab::the_face_tab_frame_differs_from_the_hatted_one_only_where_the_head_is	0.357
ui::fill_and_erase::the_fill_path_costs_exactly_one_descriptor	0.354
login::chargen_preview_space::preview_part_translucency_reaches_the_draw_and_preserves_the_panel	0.354
login::chargen_dressing::the_dressed_model_draws_different_geometry_from_the_naked_setup	0.353
login::chargen_appearance_controls::exactly_one_zoom_half_is_lit_and_at_rest_on_the_face_tab_it_is_the_plus	0.352
login::chargen_special_heritages::exactly_one_part_row_is_latched_lit_and_it_is_the_selected_one	0.351
login::chargen_face_tab::the_clothes_tab_puts_the_headgear_call_back_and_the_face_tab_takes_it_away	0.347
presentation::selected_preferences_profile::the_selected_profile_reaches_the_gameplay_presentation	0.342
login::intro_sequence::the_movie_frames_change_pixels_only_inside_the_field_the_layout_authors	0.340
login::chargen_dressing::the_background_object_stands_behind_the_model	0.337
presentation::shutdown::the_teardown_runs_the_documented_order	0.337
login::chargen_appearance_controls::choosing_the_other_sex_changes_the_body_and_repaints_the_viewport	0.336
login::chargen_dressing::the_descriptor_reaches_the_body_and_reports_success	0.333
ui::panel_pixel_residuals::the_skills_page_before_and_after_a_plus	0.331
presentation::shutdown::the_credits_are_the_shipped_credit_roll_and_it_scrolls_to_character_management	0.323
presentation::shutdown::the_ok_button_reaches_the_epilogue_which_logs_off_and_ends_the_main_loop	0.323
ui::edit_field_selection_highlight::endpoints_without_the_selecting_bit_draw_no_highlight	0.319
login::chargen_special_heritages::the_shade_disk_rises_from_a_dark_top_to_a_light_bottom_as_retails_does	0.313
rendering::ui_sampler_selection::each_blit_and_fill_binds_the_sampler_the_material_logic_selects	0.307
panels::options_reflect_preferences::the_loader_does_not_write_the_file_back	0.306
login::character_select_rows::rebuilding_the_character_list_does_not_leak_descriptor_slots	0.299
login::connect_and_patch_screens::walking_the_opening_screens_reuses_descriptor_slots_rather_than_accumulating_them	0.298
login::chargen_special_heritages::the_eyes_row_takes_the_flat_plug_and_hides_the_shade_slider	0.295
rendering::ui_sampler_selection::an_element_wider_than_its_picture_binds_wrap_where_the_same_element_at_its_own_size_binds_clamp	0.291
login::chargen_preview_space::the_wizard_asks_for_the_camera_and_heading_both_post_inits_write	0.285
rendering::render_preferences::the_shipped_options_page_emits_all_five_render_preferences	0.276
login::intro_sequence::the_layouts_skip_message_leaves_the_intro_for_character_management	0.274
presentation::shutdown::a_changed_preference_is_written_back_on_shutdown	0.263
panels::options_reflect_preferences::the_option_store_the_page_reads_reflects_the_preferences_file_and_not_the_defaults	0.255
rendering::texture_cache_key_spaces::one_payload_offered_to_every_producer_takes_four_slots	0.239
rendering::ui_sampler_selection::every_glyph_draw_of_a_real_frame_binds_the_point_sampler	0.236
login::intro_sequence::the_intro_state_list_is_the_four_states_the_shipped_layout_authors	0.234
presentation::resolution_dropdown::wired::a_resolution_below_the_floor_leaves_the_presentation_alone	0.232
presentation::screens_at_resolution::wired::forcing_a_size_the_device_already_wears_does_nothing	0.231
ui::font_rasterisation::the_name_prompt_draws_without_its_backslashes	0.231
ui::fill_and_erase::every_character_screen_button_takes_the_state_its_layout_paints	0.227
login::chargen_preview_space::the_exit_window_is_reachable_only_once_the_sequence_animation_has_started	0.225
login::chargen_preview_space::the_portal_sequence_advances_at_forty_frames_a_second_of_elapsed_time	0.224
objects::removal_lifecycle::pending_cell_load_blocks_maintenance_but_absent_ui_or_link_does_not	0.222
ui::font_rasterisation::the_finish_buttons_font_is_the_one_that_used_to_overflow	0.222
combat::attack_hook::the_shipped_attack_cones	0.220
ui::text_outline_pass::the_background_sheet_arm_is_driven_by_the_strips_own_font	0.220
panels::options_reflect_preferences::the_live_renderer_value_survives_the_preferences_load	0.213
ui::text_outline_pass::the_char_gen_screen_takes_the_background_sheet_arm	0.212
ui::fill_and_erase::the_button_background_is_blended_over_the_artwork_and_lands_only_inside_its_own_box	0.211
ui::text_outline_pass::a_real_frame_submits_the_outline_pass	0.206
movement::stance_change_stop_and_resume::the_frame_runs_the_control_transfer_step_once_per_frame	0.201
panels::options_reflect_preferences::a_missing_profile_leaves_the_registered_defaults_standing	0.201
rendering::texture_filtering::app_owns_texture_preference_requests_and_does_not_reload_on_shell_rebuild	0.184
presentation::shell::a_window_message_reaches_the_input_manager_through_the_frame_and_fires_its_action	0.184
objects::part_swap_gfxobj::the_preview_refuses_a_swap_naming_an_absent_gfxobj_and_bakes_the_previous_limb	0.183
presentation::screens_at_resolution::gameplay_fills_the_display	0.182
ui::tiling_and_rotation::the_bind_census_moves_the_address_bit_and_leaves_linear_unbound	0.179
panels::character_panels::only_the_fellowship_recordings_carry_fellowship_traffic	0.178
panels::character_panels::every_recorded_allegiance_update_decodes_and_its_member_count_agrees_with_its_roster	0.175
objects::frame_phase_ordering::nested_parent_arrival_releases_parked_child_create_and_its_own_state_in_one_operation	0.172
inventory::backpack_grid_tiles::eighteen_of_the_grids_cells_fall_inside_the_box_retail_draws_eighteen_in	0.170
inventory::backpack_panel_paper_doll::the_doll_holds_frame_one_because_its_framerate_is_zero	0.165
rendering::texture_filtering::app_loads_the_configured_choice_name_before_first_draw_without_writing_the_profile	0.160
objects::frame_phase_ordering::no_link_frame_still_delivers_scroll_lines_to_the_hud	0.160
objects::frame_phase_ordering::mixed_ui_remove_then_newer_create_must_remove_old_instance_only	0.158
presentation::window_position::wired::a_new_client_is_created_centred	0.147
objects::frame_phase_ordering::failed_physical_init_preserves_ordered_weenie_then_equal_instance_replaces_its_lifetime	0.145
rendering::texture_filtering::actual_dat_preview_sharp_flag_changes_minified_samples	0.135
objects::frame_phase_ordering::net_error_without_any_session_event_still_ends_a_no_ui_run	0.134
objects::frame_phase_ordering::blocked_cell_owner_still_drains_incoming_and_early_exit_only_runs_entry_ui	0.133
objects::frame_phase_ordering::newly_received_ui_waits_for_next_entry_and_uses_pre_timer_clock	0.132
presentation::shell::the_ui_sound_the_shell_starts_produces_samples_from_the_mixer	0.128
inventory::world_drop_draw::the_dropped_item_was_in_the_model_the_whole_time	0.125
objects::frame_phase_ordering::failed_init_without_prior_physical_null_does_not_eagerly_release_parked_ui	0.123
objects::frame_phase_ordering::arriving_objects_release_weenie_ui_before_parked_physics_delete_and_next_entry	0.115
objects::frame_phase_ordering::same_batch_new_generation_message_after_delete_create_must_not_be_lost_on_old_parked_list	0.115
presentation::resolution_dropdown::wired::a_running_client_registers_a_non_empty_resolution_list	0.115
movement::remote_stick_to_object::every_recorded_remote_stick_names_the_sessions_own_character	0.108
movement::vector_and_position_receivers::every_recorded_vector_update_carries_no_spin_and_is_its_objects_first	0.106
presentation::screens_at_resolution::the_denominator_is_eight_screens_and_one_of_them_follows_the_display	0.094
world::interiors::the_shipped_geometry_says_which_rooms_a_body_can_leave_by_any_route	0.092
net::late_receivers::no_recording_carries_a_late_receivers_game_event	0.085
inventory::world_drop_give::every_recorded_give_is_reproduced_byte_for_byte_by_the_whole_gesture	0.080
presentation::resolution_dropdown::a_nonconfirming_menu_never_opens_the_resolution_dialog	0.073
objects::created_velocity::every_recorded_create_carrying_a_velocity_has_a_nonzero_one_and_most_have_no_motion_table	0.072
magic::fizzle_effect::every_recorded_fizzle_targets_the_player_and_the_script_is_what_this_file_claims	0.070
net::game_action_wire::every_retail_game_action_is_reproduced_byte_for_byte	0.066
presentation::shell::the_documented_opening_mode_transitions_run_in_the_documented_order	0.063
presentation::resolution_dropdown::choosing_a_row_writes_display_resolution	0.059
presentation::resolution_dropdown::the_shipped_resolution_dropdown_holds_a_row_per_enumerated_mode	0.056
movement::player_animation_stability::the_players_own_animation_does_not_oscillate_between_two_frames_at_any_frame_rate	0.054
objects::created_velocity::a_create_carrying_a_velocity_parks_it_for_the_body	0.048
movement::local_motion_style::no_recorded_move_to_arm_ever_changes_the_players_stance	0.042
movement::remote_motion_style::every_stance_change_on_a_remote_arm_is_a_turn_to_object_out_of_a_style_zero_header	0.040
rendering::solid_colour_textures::the_colour_word_is_a_function_of_the_record_alone_and_the_dat_bounds_it	0.040
movement::remote_stick_to_object::the_command_index_table_is_dense_over_everything_the_corpus_sends	0.037
movement::local_motion_style::every_style_word_the_server_sends_the_player_is_a_known_stance	0.036
rendering::highres_texture_policy::every_surface_texture_has_one_or_two_levels_and_the_second_is_always_portal_art	0.036
objects::parked_attachments::real_indoor_release_cannot_republish_stale_body_cell_and_same_position_reenters	0.036
rendering::indoor_depth_clear::the_land_still_draws_through_the_openings	0.035
audio::ui_and_script_sounds::losing_focus_mutes_the_output_and_suppresses_new_sounds	0.033
audio::ui_and_script_sounds::the_click_sound_still_obeys_the_three_shipped_bugs	0.032
rendering::landscape_draw_distance::the_distant_mountains_are_outside_the_default_land_window	0.031
rendering::particle_lighting::the_fixture_is_what_this_file_claims	0.031
objects::player_body_effects::every_recorded_level_up_is_played_on_the_sessions_own_player	0.030
movement::embodied_character::the_thirty_hertz_gate_bounds_physics_and_the_frame_rate_does_not	0.028
world::interiors::the_shipped_geometry_says_what_is_in_front_of_the_body_in_each_of_the_eighty_trials	0.026
movement::vector_and_position_receivers::every_recorded_vector_update_reaches_the_receiver	0.026
rendering::adaptive_degrade::over_the_whole_degrade_corpus_the_bias_moves_the_selected_level	0.025
objects::hidden_state::every_recorded_teleport_hides_the_player_and_a_later_set_state_unhides_him	0.024
objects::hidden_state::every_recorded_login_creates_the_player_hidden_and_unhides_him_later	0.024
movement::embodied_character::two_runs_of_the_same_script_produce_the_same_physics_trace	0.023
world::interiors::the_free_space_oracle_can_see_a_static_that_has_no_spheres_at_all	0.021
objects::death_animation::the_corpse_create_carries_the_dead_motion_in_its_physics_desc	0.020
combat::projectile_impact::a_player_step_down_does_not_treat_an_encoded_creature_as_walkable_support	0.019
objects::removal_lifecycle::recorded_motion_station_has_explicit_setup_and_table	0.018
movement::embodied_character::a_jump_leaves_the_ground_through_the_seam_and_gravity_brings_it_back	0.017
movement::scenery_collision::the_scenery_census_says_which_pieces_retail_makes_solid	0.016
movement::embodied_character::a_body_standing_on_the_ground_plays_its_ready_cycle_and_not_the_falling_one	0.013
inventory::world_drop_give::a_drop_onto_empty_air_is_a_ground_drop_and_the_reason_still_clears	0.013
movement::stance_change_stop_and_resume::a_held_key_survives_the_stance_change_and_resumes_when_it_completes	0.013
presentation::screens_at_resolution::char_gen_centres_itself	0.013
inventory::world_drop_give::a_viewport_click_after_a_refused_drop_still_arms_a_pick	0.013
movement::embodied_character::physics_calls_back_into_the_animation_layer_when_the_body_reaches_the_ground	0.012
movement::stance_change_stop_and_resume::auto_run_is_cancelled_by_the_stance_change_and_does_not_resume	0.012
world::cell_statics::the_training_dungeon_names_the_furniture_that_was_missing	0.011
ui::font_rasterisation::the_two_fonts_the_wizard_names_are_the_ones_that_overflowed	0.011
rendering::foliage_occlusion::the_two_kinds_of_landscape_foliage	0.011
movement::stance_change_stop_and_resume::with_no_movement_held_the_stance_change_moves_nothing	0.011
objects::appearance_objdesc::a_wire_subpalette_changes_exactly_the_ranges_it_names	0.010
ui::tiling_and_rotation::the_shipped_layouts_author_no_tiling_element	0.010
movement::embodied_character::the_body_animates_and_the_part_placement_is_a_step_function	0.010
movement::embodied_character::the_body_settles_exactly_where_the_terrain_polygon_puts_it	0.009
movement::embodied_character::walking_carries_the_body_along_its_own_heading_and_it_stays_on_the_ground	0.009
world::cell_statics::a_dungeon_door_is_a_server_weenie_and_not_one_of_these_statics	0.008
chat::chat_log_scrolling::a_login_made_long_after_start_up_keeps_its_connection	0.008
rendering::villa_door_visibility::the_paired_villa_station_has_recorded_door_descriptors	0.007
inventory::world_drop_give::a_viewport_click_after_a_completed_give_still_arms_a_pick	0.007
presentation::shell::the_disconnect_edge_carries_its_message_and_ends_at_device_done	0.007
inventory::world_drop_give::a_drop_onto_an_npc_arms_the_pick_and_then_raises_the_give	0.006
login::connect_and_patch_screens::the_data_patch_screen_shows_the_documented_states	0.006
inventory::world_drop_give::a_material_bearing_refused_world_drop_uses_the_display_name	0.006
inventory::world_drop_give::the_drop_takes_its_point_from_the_cursor_and_not_from_a_constant	0.006
presentation::screens_at_resolution::character_select_does_not_re_anchor	0.005
audio::world_audio::the_preferences_file_reaches_the_mixer	0.005
objects::part_swaps::the_capture_swaps_the_two_feet_and_the_two_lower_legs_of_its_players_body	0.005
audio::world_audio::interface_sounds_are_scaled_by_the_effect_slider_not_the_interface_one	0.005
inventory::world_drop_give::the_world_drop_arm_arms_the_pick_before_the_frame_reads_it	0.005
combat::projectile_impact::every_recorded_velocity_create_reports_collisions_and_its_missiles_align_to_their_path	0.005
audio::ui_and_script_sounds::the_shipped_layouts_ask_for_exactly_one_ui_sound_and_it_is_the_button_press	0.004
inventory::targeted_use::recorded_targeted_pairs_have_independent_source_and_target_descriptors	0.004
presentation::shutdown::every_documented_character_error_token_is_a_row_of_the_shipped_string_table	0.004
presentation::shell::an_unregistered_mode_is_refused_and_counted_rather_than_retried_for_ever	0.004
rendering::indoor_depth_clear::the_station_is_a_house_with_a_cellar	0.004
audio::world_audio::losing_focus_silences_the_output_and_the_preference_gates_new_sounds	0.004
presentation::screens_at_resolution::datapatch_does_not_re_anchor	0.004
movement::stance_change_stop_and_resume::the_two_reassemblies_agree_on_the_server_side	0.004
audio::world_audio::a_voice_ends_with_its_sample_rather_than_looping	0.003
audio::world_audio::the_seventeenth_concurrent_sound_is_dropped	0.003
objects::parked_attachments::actual_parent_and_pickup_acceptance_preserve_failed_link_and_cancel_only_after_success	0.003
rendering::rain_extent::the_rain_curtain_has_nothing_below_its_own_origin	0.003
login::chargen_preview_space::the_portal_space_ids_resolve_through_the_uiasset_group	0.003
ui::edit_field_selection_highlight::the_census_of_shipped_edit_controls	0.003
inventory::backpack_grid_tiles::the_enum_lookup_refuses_the_mappers_own_zero_row	0.003
selection::selection_cycle_actions::no_shipped_binding_for_the_sixteen_is_a_hold	0.003
presentation::screens_at_resolution::the_disconnected_screen_centres_itself	0.003
inventory::targeted_use::retained_source_survives_selection_and_recorded_use_done_allows_a_second_request	0.003
world::dungeon_landblock_window::teleport_into_a_dungeon::drudge_hideout_is_an_unseen_outside_dungeon_authored_outside_its_block	0.003
rendering::preview_level_zero::the_dat_puts_the_bodys_high_poly_mesh_at_level_zero_and_the_setups_own_part_at_level_one	0.003
presentation::screens_at_resolution::the_credits_two_roots_both_grow_and_overlap	0.003
login::chargen_wizard::the_template_the_wire_carries_is_the_one_the_character_fits	0.002
login::chargen_appearance_controls::the_two_zoom_cameras_are_the_literals_the_two_functions_push	0.002
movement::embodied_character::the_ground_physics_stands_on_is_the_ground_the_renderer_draws	0.002
audio::world_audio::restoring_the_option_page_defaults_puts_the_sound_preferences_back	0.002
inventory::targeted_use::incompatible_acquisition_consumes_source_without_sending_and_allows_a_fresh_arm	0.002
rendering::object_draw_distance::the_creatures_cutoff_is_its_records_own_terminator	0.002
movement::stance_change_stop_and_resume::the_capture_records_both_transitions	0.002
presentation::selected_preferences_profile::no_prefs_switch_loads_and_retains_the_default_destination	0.002
panels::character_panels::the_login_description_answers_before_the_players_own_row_exists	0.002
audio::world_audio::moving_the_sound_volume_slider_changes_the_applied_gain_at_interior_positions	0.002
objects::hidden_state::the_hidden_script_is_immediate_and_only_the_unhide_ramp_can_undo_it	0.002
movement::vector_and_position_receivers::a_position_and_movement_event_whose_tail_is_not_a_buffer_is_counted	0.002
inventory::targeted_use::generic_use_cursor_can_rearm_targeted_use_on_the_clicked_oil	0.002
objects::parked_attachments::failed_add_child_preserves_old_link_then_valid_reparent_rescues_only_that_null	0.002
presentation::selected_preferences_profile::rebuild_command_line_overrides_still_win_after_the_selected_profile_loads	0.002
inventory::targeted_use::first_use_busy_and_throttle_refusals_do_not_replace_the_retained_source	0.002
inventory::targeted_use::accepted_targeted_callback_requires_ids_and_runs_using_item_tail_after_the_send	0.002
objects::parked_attachments::actual_session_parked_state_replays_once_on_late_physical_null_promotion	0.002
movement::stance_change_stop_and_resume::the_conversion_is_the_one_the_frame_uses	0.002
objects::parked_attachments::invalid_location_expires_but_parent_delete_detaches_without_invented_new_deadline	0.002
objects::parked_attachments::real_dat_unknown_child_attachment_survives_refresh_deadline_and_late_parentless_init	0.002
audio::world_audio::each_sound_pair_drives_only_its_own_category_through_the_request_seam	0.002
presentation::screens_at_resolution::the_login_screen_does_not_re_anchor	0.002
objects::parked_attachments::failed_init_destroys_only_physics_parked_owner_and_later_create_does_not_replay_it	0.002
objects::parked_attachments::failed_init_drops_physical_null_but_keeps_weenie_and_assetless_never_grants_parenting	0.002
presentation::screens_at_resolution::the_epilogue_does_not_re_anchor	0.002
objects::parked_attachments::source_cell_transitions_enter_only_initialized_children_and_do_not_reenter_late_init	0.002
inventory::targeted_use::targeted_confirmation_gates_and_callback_keep_identity_and_busy_order	0.001
selection::object_range_checks::without_a_body_the_checks_are_skipped_rather_than_run_against_nothing	0.001
world::house_barrier::the_shard_and_the_dat_name_the_same_house	0.001
rendering::play_script_messages::the_fixtures_are_what_this_file_claims	0.001
presentation::selected_preferences_profile::an_explicit_missing_profile_does_not_fall_back_to_the_default	0.001
rendering::sky::the_shipped_region_does_use_the_sky_object_property_bits	0.001
movement::vector_and_position_receivers::a_vector_update_for_an_unknown_object_is_parked_rather_than_delivered	0.001
inventory::backpack_grid_tiles::the_uiiconbackgrounds_group_answers_a_render_surface_for_every_item_type_bit	0.001
inventory::targeted_use::generic_use_calls_use_object_on_clicked_door_not_use_with_selected_item	0.001
inventory::targeted_use::recorded_oil_use_arms_the_distinct_targeted_mode_without_sending	0.001
login::connect_and_patch_screens::credentials_are_what_decides_whether_the_client_connects	0.001
rendering::highres_texture_policy::with_the_grant_only_the_highest_preference_keeps_the_high_res_level	0.001
rendering::play_script_messages::the_threshold_is_inclusive_so_an_exact_match_selects_its_own_row	0.001
rendering::terrain_lod_seams::the_coarse_side_of_a_ring_two_seam_never_stands_above_the_fine_side	0.001
presentation::selected_preferences_profile::prefs_still_requires_a_nonempty_value	0.001
rendering::play_script_messages::a_wire_message_for_an_object_the_client_does_not_hold_is_parked_not_delivered	0.001
inventory::inventory_request_lock::an_inventory_move_ghosts_the_icon_and_moves_nothing	0.001
rendering::play_script_messages::the_fixtures_of_the_directly_played_scripts_are_what_this_file_claims	0.001
selection::auto_target::neither_shipped_binding_for_use_or_examine_is_a_hold	0.001
presentation::screenshot_file::the_shipped_numpad_star_resolves_to_capture_screenshot	0.001
movement::vector_and_position_receivers::a_constructed_position_and_movement_event_applies_both_halves	0.001
objects::hidden_state::the_hide_shimmer_is_immortal_and_the_unhide_is_the_only_thing_that_stops_it	0.001
selection::open_door_pick::the_retail_open_animation_swings_the_door_leaves_out_of_the_doorway	0.001
rendering::terrain_lod_seams::the_outward_edge_of_a_stitched_block_is_exactly_its_coarser_neighbours_polyline	0.001
rendering::part_degrade_levels::the_transcribed_constants_are_pinned_as_literals	0.001
objects::part_swap_gfxobj::the_two_reference_objects_carry_different_degrade_records	0.001
login::chargen_dressing::pal_set_get_palette_id_is_the_clients_truncating_index	0.001
rendering::terrain_lod_seams::adjacent_landblocks_share_their_boundary_height_row	0.001
objects::frame_phase_ordering::replay_endpoint_is_explicit_and_does_not_claim_socket_sends	0.001
inventory::backpack_panel_paper_doll::the_paper_doll_animation_resolves_through_the_uiasset_group_to_an_animation	0.001
panels::house_purchase_window::the_native_trade_note_enum_resolves_the_typed_mapper	0.001
rendering::highres_texture_policy::without_a_grant_the_floor_resolves_to_the_original_level	0.001
rendering::landscape_draw_distance::the_landscape_draw_distance_preference_reaches_the_window	0.001
movement::stance_change_stop_and_resume::stance_resume_requires_all_four_conditions	0.001
objects::death_animation::every_recorded_death_is_one_movement_message_and_no_death_event	0.001
presentation::sync_to_refresh::a_saved_sync_preference_reaches_the_presentation_record	0.001
login::chargen_preview_space::the_portal_camera_constants_are_the_floats_in_post_init	0.001
combat::motion_style_charge_rate::the_dual_wield_charge_time_is_0_800_seconds_and_everything_else_is_1_000	0.001
movement::vector_and_position_receivers::a_vector_update_about_the_player_obeys_use_position_from_server	0.000
movement::vector_and_position_receivers::a_vector_update_that_is_not_strictly_newer_is_refused_outright	0.000
login::chargen_wizard::restore_character_is_the_documented_three_field_message	0.000
net::game_action_wire::a_failed_send_leaves_no_hole_in_the_action_sequence	0.000
rendering::sky::the_sky_is_drawn_with_four_times_the_far_plane	0.000
rendering::ui_texture_addressing::the_per_axis_seam_predicate_is_not_the_fast_path_predicate	0.000
inventory::inventory_request_lock::the_split_state_defaults_to_the_whole_stack	0.000
presentation::resolution_dropdown::wired::a_saved_resolution_is_the_size_the_client_starts_at	0.000
movement::vector_and_position_receivers::a_stale_position_still_lets_the_movement_half_run	0.000
inventory::inventory_request_lock::the_inventory_lock_wedges_and_no_amount_of_time_clears_it	0.000
login::logout_departure::the_recorded_logout_window_is_six_seconds_of_one_emote_and_no_dematerialise	0.000
login::chargen_dressing::build_obj_desc_emits_the_part_texture_and_palette_changes	0.000
rendering::landscape_draw_distance::the_shipped_window_is_the_lowest_of_the_six_choices	0.000
rendering::ui_texture_addressing::there_are_eight_descriptors_and_the_first_four_still_mean_what_they_meant	0.000
rendering::lighting::the_per_draw_selection_caps_at_eight_dynamics_first_in_distance_order	0.000
rendering::ui_sampler_selection::the_conditional_polarity_is_the_one_dot_text_shows_and_is_stated_as_literals	0.000
rendering::ui_texture_addressing::the_material_refines_each_axis_against_its_own_repeat_count	0.000
panels::radar_coordinates::the_read_out_is_right_for_the_cell_the_shard_sent	0.000
world::landblock_interior_release::interior_cell_objects::the_static_bit_is_the_number_the_binary_tests	0.000
audio::world_audio::the_last_row_of_a_multi_row_entry_is_never_picked	0.000
combat::projectile_impact::the_missile_clear_mask_is_the_three_bits_the_image_clears	0.000
login::chargen_dressing::the_three_objdesc_list_rules_are_the_clients	0.000
rendering::particles::the_explode_and_implode_oddities_still_reach_the_draw	0.000
rendering::particle_emitter_degrade_cutoff::the_draw_terminator_sits_s_r_degrade_distance_beyond_the_emitter_cutoff	0.000
panels::options_reflect_preferences::sound_disabled_defaults_to_muted_so_ignoring_the_file_could_only_look_wrong	0.000
net::game_action_wire::an_attack_is_two_messages_and_the_documented_bytes	0.000
panels::house_purchase_window::the_recorded_refusal_is_the_fifteen_day_rule_and_arrives_twice	0.000
rendering::ui_sampler_selection::the_glyph_sampler_constant_is_the_point_clamp_index_and_is_stated_as_a_literal	0.000
movement::vector_and_position_receivers::the_omega_limb_has_no_recorded_oracle_and_is_asserted_by_construction	0.000
inventory::backpack_panel_paper_doll::the_two_format_strings_and_the_three_element_ids_are_the_clients_own	0.000
ui::tiling_and_rotation::the_rotation_is_free_at_zero_and_turns_counter_clockwise	0.000
inventory::backpack_panel_paper_doll::the_paper_doll_camera_and_light_are_the_floats_post_init_pushes	0.000
inventory::backpack_grid_tiles::the_type_index_is_lowest_set_bit_plus_one_with_the_clients_zero_fallback	0.000
rendering::texture_cache_key_spaces::the_ui_and_world_key_spaces_can_produce_the_same_sixty_four_bits	0.000
selection::open_door_pick::the_recorded_door_is_the_one_these_stations_animate	0.000
ui::fill_and_erase::a_blip_is_the_pixels_the_primitive_table_names	0.000
rendering::billboards::the_transcribed_constants_are_pinned_as_literals	0.000
movement::vector_and_position_receivers::the_trailing_buffer_is_not_aligned_the_way_a_set_object_movement_is	0.000
ui::tiling_and_rotation::the_four_sampler_descriptors_are_filter_plus_address_and_both_bits_are_read	0.000
world::cell_statics::the_rise_metric_reads_a_climb_and_not_the_drop_teleport_leaves	0.000
login::logout_departure::the_logout_emote_is_wire_index_0x11e_which_the_final_table_names_log_out	0.000
panels::house_purchase_window::the_recorded_villa_profile_decodes_field_by_field_and_re_encodes_byte_for_byte	0.000
rendering::terrain_lod_seams::the_shipped_scenery_radius_selects_exactly_the_full_detail_blocks	0.000
instruments::building_boundary_frames::render_the_recorded_pose_frame	0.000
instruments::building_boundary_frames::probe_body_in_the_doorway	0.000
instruments::building_boundary_frames::probe_door_differential	0.000
instruments::building_boundary_frames::probe_door_station	0.000
instruments::building_boundary_frames::probe_room_views	0.000
